M/W,Season,Match,Y/M/D,Pool,Week,City,Country,Team,VS_Team,SET,VS_SET,Point1,Point2,Point3,Point4,Point5,VS_Point1,VS_Point2,VS_Point3,VS_Point4,VS_Point5,SET,SCORING_Total ABS,SCORING_Attack Points,SCORING_Block Points,SCORING_Serve Points,SCORING_Errors,ATTACK_Point,ATTACK_Errors,ATTACK_Attempts,ATTACK_Total,BLOCK_Point,BLOCK_Errors,BLOCK_Touches,BLOCK_Total,SERVE_Point,SERVE_Errors,SERVE_Attempts,SERVE_Total,RECEPTION_Successful,RECEPTION_Errors,RECEPTION_Attempts,RECEPTION_Total,DIG_Digs,DIG_Errors,DIG_Total,SET_Point,SET_Errors,SET_Attempts,SET_Total
Men,2026,1,2026/6/20,B,Preliminary,Amdavad,India,Qatar,Oman,2,3,25,25,25,22,13,19,21,27,25,15,ALL,80,56,21,3,-,56,20,65,141,21,46,29,96,3,3,104,110,43,5,42,90,63,13,92,30,1,117,148
Men,2026,1,2026/6/20,B,Preliminary,Amdavad,India,Qatar,Oman,2,3,25,25,25,22,13,19,21,27,25,15,1,17,11,4,2,-,11,3,15,29,4,10,6,20,2,1,22,25,7,1,8,16,16,0,21,6,0,25,31
Men,2026,1,2026/6/20,B,Preliminary,Amdavad,India,Qatar,Oman,2,3,25,25,25,22,13,19,21,27,25,15,2,19,12,7,0,-,12,4,8,24,7,8,0,15,0,1,23,24,11,1,6,18,11,5,19,7,0,20,27
Men,2026,1,2026/6/20,B,Preliminary,Amdavad,India,Qatar,Oman,2,3,25,25,25,22,13,19,21,27,25,15,3,17,12,5,0,-,12,5,18,35,5,12,8,25,0,1,25,26,10,1,10,21,17,2,20,11,1,24,36
Men,2026,1,2026/6/20,B,Preliminary,Amdavad,India,Qatar,Oman,2,3,25,25,25,22,13,19,21,27,25,15,4,17,12,4,1,-,12,5,19,36,4,10,12,26,1,0,21,22,11,0,11,22,15,4,24,3,0,35,38
Men,2026,1,2026/6/20,B,Preliminary,Amdavad,India,Qatar,Oman,2,3,25,25,25,22,13,19,21,27,25,15,5,10,9,1,0,-,9,3,5,17,1,6,3,10,0,0,13,13,4,2,7,13,4,2,8,3,0,13,16
Men,2026,1,2026/6/20,B,Preliminary,Amdavad,India,Oman,Qatar,3,2,19,21,27,25,15,25,25,25,22,13,ALL,89,74,10,5,-,74,32,65,171,10,15,28,53,5,17,85,107,50,3,54,107,65,20,102,10,1,161,172
Men,2026,1,2026/6/20,B,Preliminary,Amdavad,India,Oman,Qatar,3,2,19,21,27,25,15,25,25,25,22,13,1,15,14,0,1,-,14,9,15,38,0,5,6,11,1,3,15,19,12,2,10,24,14,3,21,0,0,39,39
Men,2026,1,2026/6/20,B,Preliminary,Amdavad,India,Oman,Qatar,3,2,19,21,27,25,15,25,25,25,22,13,2,18,14,3,1,-,14,9,9,32,3,5,3,11,1,4,17,22,10,0,13,23,5,2,10,4,0,25,29
Men,2026,1,2026/6/20,B,Preliminary,Amdavad,India,Oman,Qatar,3,2,19,21,27,25,15,25,25,25,22,13,3,21,17,3,1,-,17,7,14,38,3,1,12,16,1,5,20,26,13,0,12,25,16,4,23,3,1,35,39
Men,2026,1,2026/6/20,B,Preliminary,Amdavad,India,Oman,Qatar,3,2,19,21,27,25,15,25,25,25,22,13,4,22,20,2,0,-,20,6,20,46,2,3,6,11,0,3,22,25,8,1,13,22,22,5,31,1,0,43,44
Men,2026,1,2026/6/20,B,Preliminary,Amdavad,India,Oman,Qatar,3,2,19,21,27,25,15,25,25,25,22,13,5,13,9,2,2,-,9,1,7,17,2,1,1,4,2,2,11,15,7,0,6,13,8,6,17,2,0,19,21
Men,2026,2,2026/6/20,A,Preliminary,Amdavad,India,Bahrain,Chinese Taipei,3,1,22,25,25,25,-,25,23,22,20,-,ALL,71,53,16,2,-,53,14,52,119,16,20,14,50,2,14,80,96,42,4,32,78,29,16,74,27,0,93,120
Men,2026,2,2026/6/20,A,Preliminary,Amdavad,India,Bahrain,Chinese Taipei,3,1,22,25,25,25,-,25,23,22,20,-,1,15,12,3,0,-,12,4,16,32,3,5,2,10,0,4,18,22,8,2,10,20,9,7,25,7,0,26,33
Men,2026,2,2026/6/20,A,Preliminary,Amdavad,India,Bahrain,Chinese Taipei,3,1,22,25,25,25,-,25,23,22,20,-,2,19,14,5,0,-,14,4,16,34,5,5,5,15,0,6,19,25,6,1,11,18,10,1,20,6,0,27,33
Men,2026,2,2026/6/20,A,Preliminary,Amdavad,India,Bahrain,Chinese Taipei,3,1,22,25,25,25,-,25,23,22,20,-,3,18,14,2,2,-,14,2,10,26,2,5,4,11,2,2,20,24,12,1,8,21,4,2,14,5,0,22,27
Men,2026,2,2026/6/20,A,Preliminary,Amdavad,India,Bahrain,Chinese Taipei,3,1,22,25,25,25,-,25,23,22,20,-,4,19,13,6,0,-,13,4,10,27,6,5,3,14,0,2,23,25,16,0,3,19,6,6,15,9,0,18,27
Men,2026,2,2026/6/20,A,Preliminary,Amdavad,India,Chinese Taipei,Bahrain,1,3,25,23,22,20,-,22,25,25,25,-,ALL,68,56,8,4,-,56,25,39,120,8,26,25,59,4,13,74,91,50,2,30,82,20,8,66,44,2,76,122
Men,2026,2,2026/6/20,A,Preliminary,Amdavad,India,Chinese Taipei,Bahrain,1,3,25,23,22,20,-,22,25,25,25,-,1,19,14,3,2,-,14,4,13,31,3,3,7,13,2,5,18,25,14,0,4,18,8,5,22,9,0,22,31
Men,2026,2,2026/6/20,A,Preliminary,Amdavad,India,Chinese Taipei,Bahrain,1,3,25,23,22,20,-,22,25,25,25,-,2,15,12,2,1,-,12,6,12,30,2,9,9,20,1,5,17,23,8,0,11,19,4,1,21,11,0,23,34
Men,2026,2,2026/6/20,A,Preliminary,Amdavad,India,Chinese Taipei,Bahrain,1,3,25,23,22,20,-,22,25,25,25,-,3,19,17,1,1,-,17,7,8,32,1,9,5,15,1,2,20,23,15,2,5,22,4,0,11,14,0,14,28
Men,2026,2,2026/6/20,A,Preliminary,Amdavad,India,Chinese Taipei,Bahrain,1,3,25,23,22,20,-,22,25,25,25,-,4,15,13,2,0,-,13,8,6,27,2,5,4,11,0,1,19,20,13,0,10,23,4,2,12,10,2,17,29
Men,2026,3,2026/6/20,B,Preliminary,Amdavad,India,Korea,Thailand,2,3,17,26,25,18,7,25,24,21,25,15,ALL,71,61,8,2,-,61,27,52,140,8,27,29,64,2,16,76,94,63,4,31,98,27,21,78,49,1,85,135
Men,2026,3,2026/6/20,B,Preliminary,Amdavad,India,Korea,Thailand,2,3,17,26,25,18,7,25,24,21,25,15,1,13,12,0,1,-,12,6,11,29,0,8,4,12,1,1,16,18,12,2,8,22,7,4,17,11,1,18,30
Men,2026,3,2026/6/20,B,Preliminary,Amdavad,India,Korea,Thailand,2,3,17,26,25,18,7,25,24,21,25,15,2,20,16,4,0,-,16,9,7,32,4,5,9,18,0,3,22,25,13,0,9,22,5,4,15,12,0,18,30
Men,2026,3,2026/6/20,B,Preliminary,Amdavad,India,Korea,Thailand,2,3,17,26,25,18,7,25,24,21,25,15,3,18,15,3,0,-,15,3,11,29,3,2,5,10,0,5,20,25,15,0,4,19,5,6,16,10,0,17,27
Men,2026,3,2026/6/20,B,Preliminary,Amdavad,India,Korea,Thailand,2,3,17,26,25,18,7,25,24,21,25,15,4,14,13,0,1,-,13,3,18,34,0,9,7,16,1,5,12,18,14,1,7,22,9,5,20,12,0,20,32
Men,2026,3,2026/6/20,B,Preliminary,Amdavad,India,Korea,Thailand,2,3,17,26,25,18,7,25,24,21,25,15,5,6,5,1,0,-,5,6,5,16,1,3,4,8,0,2,6,8,9,1,3,13,1,2,10,4,0,12,16
Men,2026,3,2026/6/20,B,Preliminary,Amdavad,India,Thailand,Korea,3,2,25,24,21,25,15,17,26,25,18,7,ALL,74,57,13,4,-,57,17,56,130,13,16,17,46,4,11,94,109,45,2,31,78,37,25,90,33,0,94,127
Men,2026,3,2026/6/20,B,Preliminary,Amdavad,India,Thailand,Korea,3,2,25,24,21,25,15,17,26,25,18,7,1,19,14,3,2,-,14,1,11,26,3,3,5,11,2,2,20,24,11,1,5,17,9,6,20,8,0,19,27
Men,2026,3,2026/6/20,B,Preliminary,Amdavad,India,Thailand,Korea,3,2,25,24,21,25,15,17,26,25,18,7,2,15,11,4,0,-,11,7,13,31,4,1,2,7,0,3,22,25,15,0,7,22,9,6,18,6,0,25,31
Men,2026,3,2026/6/20,B,Preliminary,Amdavad,India,Thailand,Korea,3,2,25,24,21,25,15,17,26,25,18,7,3,14,13,1,0,-,13,7,9,29,1,7,2,10,0,2,19,21,12,0,8,20,7,5,17,11,0,19,30
Men,2026,3,2026/6/20,B,Preliminary,Amdavad,India,Thailand,Korea,3,2,25,24,21,25,15,17,26,25,18,7,4,16,14,1,1,-,14,1,13,28,1,3,7,11,1,3,21,25,5,1,7,13,9,6,24,7,0,19,26
Men,2026,3,2026/6/20,B,Preliminary,Amdavad,India,Thailand,Korea,3,2,25,24,21,25,15,17,26,25,18,7,5,10,5,4,1,-,5,1,10,16,4,2,1,7,1,1,12,14,2,0,4,6,3,2,11,1,0,12,13
Men,2026,4,2026/6/21,A,Preliminary,Amdavad,India,India,New Zealand,3,0,25,25,25,-,-,23,19,14,-,-,ALL,48,35,11,2,-,35,15,26,76,11,11,15,37,2,7,65,74,20,3,17,40,21,10,52,24,0,48,72
Men,2026,4,2026/6/21,A,Preliminary,Amdavad,India,India,New Zealand,3,0,25,25,25,-,-,23,19,14,-,-,1,17,13,4,0,-,13,10,12,35,4,2,5,11,0,1,24,25,8,0,11,19,10,6,24,9,0,25,34
Men,2026,4,2026/6/21,A,Preliminary,Amdavad,India,India,New Zealand,3,0,25,25,25,-,-,23,19,14,-,-,2,14,10,4,0,-,10,4,3,17,4,2,2,8,0,4,20,24,7,2,4,13,3,2,8,7,0,9,16
Men,2026,4,2026/6/21,A,Preliminary,Amdavad,India,India,New Zealand,3,0,25,25,25,-,-,23,19,14,-,-,3,17,12,3,2,-,12,1,11,24,3,7,8,18,2,2,21,25,5,1,2,8,8,2,20,8,0,14,22
Men,2026,4,2026/6/21,A,Preliminary,Amdavad,India,New Zealand,India,0,3,23,19,14,-,-,25,25,25,-,-,ALL,37,30,4,3,-,30,21,37,88,4,11,6,21,3,17,37,57,40,2,25,67,15,3,41,24,0,65,89
Men,2026,4,2026/6/21,A,Preliminary,Amdavad,India,New Zealand,India,0,3,23,19,14,-,-,25,25,25,-,-,1,15,12,3,0,-,12,8,16,36,3,4,3,10,0,4,19,23,14,0,10,24,4,1,19,9,0,27,36
Men,2026,4,2026/6/21,A,Preliminary,Amdavad,India,New Zealand,India,0,3,23,19,14,-,-,25,25,25,-,-,2,11,8,1,2,-,8,8,6,22,1,5,0,6,2,7,11,20,15,0,5,20,3,0,6,8,0,15,23
Men,2026,4,2026/6/21,A,Preliminary,Amdavad,India,New Zealand,India,0,3,23,19,14,-,-,25,25,25,-,-,3,11,10,0,1,-,10,5,15,30,0,2,3,5,1,6,7,14,11,2,10,23,8,2,16,7,0,23,30
Men,2026,5,2026/6/21,A,Preliminary,Amdavad,India,Australia,Chinese Taipei,1,3,23,22,25,19,-,25,25,23,25,-,ALL,68,53,11,4,-,53,17,42,112,11,24,18,53,4,15,71,90,34,5,47,86,37,15,65,13,2,105,120
Men,2026,5,2026/6/21,A,Preliminary,Amdavad,India,Australia,Chinese Taipei,1,3,23,22,25,19,-,25,25,23,25,-,1,17,14,2,1,-,14,3,10,27,2,6,5,13,1,2,20,23,6,2,13,21,10,4,19,5,1,23,29
Men,2026,5,2026/6/21,A,Preliminary,Amdavad,India,Australia,Chinese Taipei,1,3,23,22,25,19,-,25,25,23,25,-,2,17,12,3,2,-,12,3,10,25,3,6,5,14,2,5,16,23,8,1,12,21,8,5,17,2,0,27,29
Men,2026,5,2026/6/21,A,Preliminary,Amdavad,India,Australia,Chinese Taipei,1,3,23,22,25,19,-,25,25,23,25,-,3,19,14,4,1,-,14,5,11,30,4,6,3,13,1,5,18,24,9,2,11,22,11,2,16,2,1,29,32
Men,2026,5,2026/6/21,A,Preliminary,Amdavad,India,Australia,Chinese Taipei,1,3,23,22,25,19,-,25,25,23,25,-,4,15,13,2,0,-,13,6,11,30,2,6,5,13,0,3,17,20,11,0,11,22,8,4,13,4,0,26,30
Men,2026,5,2026/6/21,A,Preliminary,Amdavad,India,Chinese Taipei,Australia,3,1,25,25,23,25,-,23,22,25,19,-,ALL,69,59,5,5,-,59,17,38,114,5,19,15,39,5,11,81,97,36,4,35,75,41,16,69,18,1,94,113
Men,2026,5,2026/6/21,A,Preliminary,Amdavad,India,Chinese Taipei,Australia,3,1,25,25,23,25,-,23,22,25,19,-,1,21,17,2,2,-,17,3,11,31,2,4,4,10,2,4,19,25,13,1,7,21,12,5,21,5,0,27,32
Men,2026,5,2026/6/21,A,Preliminary,Amdavad,India,Chinese Taipei,Australia,3,1,25,25,23,25,-,23,22,25,19,-,2,17,16,0,1,-,16,5,8,29,0,5,4,9,1,3,20,24,6,2,10,18,11,4,18,7,0,20,27
Men,2026,5,2026/6/21,A,Preliminary,Amdavad,India,Chinese Taipei,Australia,3,1,25,25,23,25,-,23,22,25,19,-,3,14,10,2,2,-,10,6,10,26,2,6,4,12,2,2,20,24,8,1,10,19,7,2,12,3,0,22,25
Men,2026,5,2026/6/21,A,Preliminary,Amdavad,India,Chinese Taipei,Australia,3,1,25,25,23,25,-,23,22,25,19,-,4,17,16,1,0,-,16,3,9,28,1,4,3,8,0,2,22,24,9,0,8,17,11,5,18,3,1,25,29
Men,2026,6,2026/6/21,A,Preliminary,Amdavad,India,New Zealand,Bahrain,0,3,19,21,16,-,-,25,25,25,-,-,ALL,35,24,9,2,-,24,20,31,75,9,15,8,32,2,9,47,58,25,1,28,54,23,16,50,13,1,63,77
Men,2026,6,2026/6/21,A,Preliminary,Amdavad,India,New Zealand,Bahrain,0,3,19,21,16,-,-,25,25,25,-,-,1,10,7,3,0,-,7,5,7,19,3,6,2,11,0,2,18,20,6,0,11,17,5,8,15,3,0,17,20
Men,2026,6,2026/6/21,A,Preliminary,Amdavad,India,New Zealand,Bahrain,0,3,19,21,16,-,-,25,25,25,-,-,2,15,9,4,2,-,9,7,12,28,4,6,3,13,2,5,14,21,10,1,8,19,8,2,14,6,1,21,28
Men,2026,6,2026/6/21,A,Preliminary,Amdavad,India,New Zealand,Bahrain,0,3,19,21,16,-,-,25,25,25,-,-,3,10,8,2,0,-,8,8,12,28,2,3,3,8,0,2,15,17,9,0,9,18,10,6,21,4,0,25,29
Men,2026,6,2026/6/21,A,Preliminary,Amdavad,India,Bahrain,New Zealand,3,0,25,25,25,-,-,19,21,16,-,-,ALL,49,41,7,1,-,41,10,22,73,7,8,10,25,1,19,53,73,32,2,15,49,29,8,51,22,0,55,77
Men,2026,6,2026/6/21,A,Preliminary,Amdavad,India,Bahrain,New Zealand,3,0,25,25,25,-,-,19,21,16,-,-,1,17,16,1,0,-,16,4,7,27,1,3,2,6,0,7,17,24,14,0,4,18,9,2,14,10,0,18,28
Men,2026,6,2026/6/21,A,Preliminary,Amdavad,India,Bahrain,New Zealand,3,0,25,25,25,-,-,19,21,16,-,-,2,13,10,2,1,-,10,4,8,22,2,2,6,10,1,6,18,25,8,2,6,16,9,4,18,7,0,17,24
Men,2026,6,2026/6/21,A,Preliminary,Amdavad,India,Bahrain,New Zealand,3,0,25,25,25,-,-,19,21,16,-,-,3,19,15,4,0,-,15,2,7,24,4,3,2,9,0,6,18,24,10,0,5,15,11,2,19,5,0,20,25
Men,2026,7,2026/6/21,B,Preliminary,Amdavad,India,Qatar,Thailand,3,0,25,25,25,-,-,23,23,17,-,-,ALL,58,47,8,3,-,47,7,40,94,8,26,26,60,3,8,63,74,24,2,31,57,35,12,59,19,1,77,97
Men,2026,7,2026/6/21,B,Preliminary,Amdavad,India,Qatar,Thailand,3,0,25,25,25,-,-,23,23,17,-,-,1,20,17,3,0,-,17,2,14,33,3,12,8,23,0,2,23,25,9,0,13,22,10,5,20,6,0,28,34
Men,2026,7,2026/6/21,B,Preliminary,Amdavad,India,Qatar,Thailand,3,0,25,25,25,-,-,23,23,17,-,-,2,22,18,3,1,-,18,5,18,41,3,6,13,22,1,2,21,24,9,1,14,24,16,6,26,8,0,34,42
Men,2026,7,2026/6/21,B,Preliminary,Amdavad,India,Qatar,Thailand,3,0,25,25,25,-,-,23,23,17,-,-,3,16,12,2,2,-,12,0,8,20,2,8,5,15,2,4,19,25,6,1,4,11,9,1,13,5,1,15,21
Men,2026,7,2026/6/21,B,Preliminary,Amdavad,India,Thailand,Qatar,0,3,23,23,17,-,-,25,25,25,-,-,ALL,47,43,2,2,-,43,14,39,96,2,16,20,38,2,7,55,64,29,3,34,66,37,14,59,4,2,93,99
Men,2026,7,2026/6/21,B,Preliminary,Amdavad,India,Thailand,Qatar,0,3,23,23,17,-,-,25,25,25,-,-,1,19,19,0,0,-,19,5,11,35,0,7,8,15,0,1,22,23,9,0,14,23,13,7,24,2,1,34,37
Men,2026,7,2026/6/21,B,Preliminary,Amdavad,India,Thailand,Qatar,0,3,23,23,17,-,-,25,25,25,-,-,2,17,14,2,1,-,14,5,18,37,2,4,8,14,1,0,23,24,12,1,9,22,18,5,26,0,1,37,38
Men,2026,7,2026/6/21,B,Preliminary,Amdavad,India,Thailand,Qatar,0,3,23,23,17,-,-,25,25,25,-,-,3,11,10,0,1,-,10,4,10,24,0,5,4,9,1,6,10,17,8,2,11,21,6,2,9,2,0,22,24
Men,2026,8,2026/6/21,B,Preliminary,Amdavad,India,Korea,Indonesia,3,0,25,25,25,-,-,22,22,21,-,-,ALL,52,40,6,6,-,40,13,30,83,6,13,8,27,6,11,57,74,19,3,33,55,31,13,55,17,0,66,83
Men,2026,8,2026/6/21,B,Preliminary,Amdavad,India,Korea,Indonesia,3,0,25,25,25,-,-,22,22,21,-,-,1,15,12,1,2,-,12,5,10,27,1,3,2,6,2,5,18,25,3,1,15,19,10,2,15,4,0,23,27
Men,2026,8,2026/6/21,B,Preliminary,Amdavad,India,Korea,Indonesia,3,0,25,25,25,-,-,22,22,21,-,-,2,16,13,3,0,-,13,2,12,27,3,4,3,10,0,3,21,24,6,1,10,17,9,8,22,8,0,18,26
Men,2026,8,2026/6/21,B,Preliminary,Amdavad,India,Korea,Indonesia,3,0,25,25,25,-,-,22,22,21,-,-,3,21,15,2,4,-,15,6,8,29,2,6,3,11,4,3,18,25,10,1,8,19,12,3,18,5,0,25,30
Men,2026,8,2026/6/21,B,Preliminary,Amdavad,India,Indonesia,Korea,0,3,22,22,21,-,-,25,25,25,-,-,ALL,45,37,5,3,-,37,15,32,84,5,18,11,34,3,11,52,66,16,6,41,63,28,14,53,18,2,66,86
Men,2026,8,2026/6/21,B,Preliminary,Amdavad,India,Indonesia,Korea,0,3,22,22,21,-,-,25,25,25,-,-,1,14,11,2,1,-,11,7,9,27,2,5,4,11,1,3,18,22,5,2,13,20,7,5,17,6,0,20,26
Men,2026,8,2026/6/21,B,Preliminary,Amdavad,India,Indonesia,Korea,0,3,22,22,21,-,-,25,25,25,-,-,2,18,16,1,1,-,16,5,12,33,1,5,3,9,1,6,16,23,6,0,15,21,14,6,24,10,1,24,35
Men,2026,8,2026/6/21,B,Preliminary,Amdavad,India,Indonesia,Korea,0,3,22,22,21,-,-,25,25,25,-,-,3,13,10,2,1,-,10,3,11,24,2,8,4,14,1,2,18,21,5,4,13,22,7,3,12,2,1,22,25
Men,2026,9,2026/6/22,A,Preliminary,Amdavad,India,India,Kazakhstan,3,0,25,25,25,-,-,16,21,15,-,-,ALL,45,37,6,2,-,37,9,20,66,6,8,12,26,2,6,66,74,20,2,16,38,24,10,44,31,0,32,63
Men,2026,9,2026/6/22,A,Preliminary,Amdavad,India,India,Kazakhstan,3,0,25,25,25,-,-,16,21,15,-,-,1,12,10,1,1,-,10,4,5,19,1,2,4,7,1,3,21,25,4,0,4,8,9,2,16,9,0,9,18
Men,2026,9,2026/6/22,A,Preliminary,Amdavad,India,India,Kazakhstan,3,0,25,25,25,-,-,16,21,15,-,-,2,17,15,1,1,-,15,2,5,22,1,3,6,10,1,1,22,24,8,2,9,19,5,5,13,13,0,10,23
Men,2026,9,2026/6/22,A,Preliminary,Amdavad,India,India,Kazakhstan,3,0,25,25,25,-,-,16,21,15,-,-,3,16,12,4,0,-,12,3,10,25,4,3,2,9,0,2,23,25,8,0,3,11,10,3,15,9,0,13,22
Men,2026,9,2026/6/22,A,Preliminary,Amdavad,India,Kazakhstan,India,0,3,16,21,15,-,-,25,25,25,-,-,ALL,41,35,4,2,-,35,20,30,85,4,7,7,18,2,15,36,53,43,2,23,68,10,11,40,31,0,55,86
Men,2026,9,2026/6/22,A,Preliminary,Amdavad,India,Kazakhstan,India,0,3,16,21,15,-,-,25,25,25,-,-,1,11,9,2,0,-,9,5,13,27,2,2,2,6,0,8,8,16,14,1,7,22,3,3,11,9,0,17,26
Men,2026,9,2026/6/22,A,Preliminary,Amdavad,India,Kazakhstan,India,0,3,16,21,15,-,-,25,25,25,-,-,2,18,16,0,2,-,16,6,9,31,0,3,1,4,2,3,17,22,18,1,4,23,4,4,15,13,0,18,31
Men,2026,9,2026/6/22,A,Preliminary,Amdavad,India,Kazakhstan,India,0,3,16,21,15,-,-,25,25,25,-,-,3,12,10,2,0,-,10,9,8,27,2,2,4,8,0,4,11,15,11,0,12,23,3,4,14,9,0,20,29
Men,2026,10,2026/6/22,A,Preliminary,Amdavad,India,Australia,Kazakhstan,2,3,25,25,23,24,14,15,21,25,26,16,ALL,72,55,9,8,-,55,23,42,120,9,27,19,55,8,19,84,111,31,8,40,79,53,13,78,20,0,100,120
Men,2026,10,2026/6/22,A,Preliminary,Amdavad,India,Australia,Kazakhstan,2,3,25,25,23,24,14,15,21,25,26,16,1,18,13,1,4,-,13,2,4,19,1,4,1,6,4,2,19,25,5,0,7,12,7,4,12,7,0,12,19
Men,2026,10,2026/6/22,A,Preliminary,Amdavad,India,Australia,Kazakhstan,2,3,25,25,23,24,14,15,21,25,26,16,2,14,8,5,1,-,8,4,9,21,5,7,4,16,1,3,20,24,3,2,12,17,9,3,17,3,0,20,23
Men,2026,10,2026/6/22,A,Preliminary,Amdavad,India,Australia,Kazakhstan,2,3,25,25,23,24,14,15,21,25,26,16,3,15,13,1,1,-,13,5,15,33,1,12,9,22,1,3,20,24,13,1,5,19,16,1,20,7,0,26,33
Men,2026,10,2026/6/22,A,Preliminary,Amdavad,India,Australia,Kazakhstan,2,3,25,25,23,24,14,15,21,25,26,16,4,17,13,2,2,-,13,8,6,27,2,2,2,6,2,6,16,24,5,3,12,20,10,4,16,3,0,23,26
Men,2026,10,2026/6/22,A,Preliminary,Amdavad,India,Australia,Kazakhstan,2,3,25,25,23,24,14,15,21,25,26,16,5,8,8,0,0,-,8,4,8,20,0,2,3,5,0,5,9,14,5,2,4,11,11,1,13,0,0,19,19
Men,2026,10,2026/6/22,A,Preliminary,Amdavad,India,Kazakhstan,Australia,3,2,15,21,25,26,16,25,25,23,24,14,ALL,73,49,16,8,-,49,22,54,125,16,16,15,47,8,24,71,103,34,8,50,92,49,14,82,18,0,117,135
Men,2026,10,2026/6/22,A,Preliminary,Amdavad,India,Kazakhstan,Australia,3,2,15,21,25,26,16,25,25,23,24,14,1,11,10,1,0,-,10,5,4,19,1,2,2,5,0,3,12,15,10,4,9,23,5,3,12,3,0,20,23
Men,2026,10,2026/6/22,A,Preliminary,Amdavad,India,Kazakhstan,Australia,3,2,15,21,25,26,16,25,25,23,24,14,2,15,11,2,2,-,11,11,11,33,2,3,3,8,2,5,15,22,6,1,14,21,11,2,19,3,0,31,34
Men,2026,10,2026/6/22,A,Preliminary,Amdavad,India,Kazakhstan,Australia,3,2,15,21,25,26,16,25,25,23,24,14,3,19,15,3,1,-,15,3,22,40,3,4,4,11,1,5,18,24,6,1,14,21,21,5,29,2,0,39,41
Men,2026,10,2026/6/22,A,Preliminary,Amdavad,India,Kazakhstan,Australia,3,2,15,21,25,26,16,25,25,23,24,14,4,17,8,6,3,-,8,2,6,16,6,5,4,15,3,6,17,26,7,2,9,18,5,2,13,5,0,16,21
Men,2026,10,2026/6/22,A,Preliminary,Amdavad,India,Kazakhstan,Australia,3,2,15,21,25,26,16,25,25,23,24,14,5,11,5,4,2,-,5,1,11,17,4,2,2,8,2,5,9,16,5,0,4,9,7,2,9,5,0,11,16
Men,2026,11,2026/6/22,B,Preliminary,Amdavad,India,Oman,Thailand,1,3,25,15,18,20,-,17,25,25,25,-,ALL,63,47,13,3,-,47,25,43,115,13,19,20,52,3,10,66,79,32,4,47,83,38,17,75,13,2,109,124
Men,2026,11,2026/6/22,B,Preliminary,Amdavad,India,Oman,Thailand,1,3,25,15,18,20,-,17,25,25,25,-,1,20,12,6,2,-,12,2,5,19,6,1,4,11,2,4,19,25,5,1,9,15,4,3,11,2,1,17,20
Men,2026,11,2026/6/22,B,Preliminary,Amdavad,India,Oman,Thailand,1,3,25,15,18,20,-,17,25,25,25,-,2,13,11,1,1,-,11,7,15,33,1,7,4,12,1,3,11,15,8,0,15,23,10,6,23,4,0,31,35
Men,2026,11,2026/6/22,B,Preliminary,Amdavad,India,Oman,Thailand,1,3,25,15,18,20,-,17,25,25,25,-,3,15,13,2,0,-,13,6,6,25,2,8,4,14,0,2,17,19,8,2,13,23,7,4,16,4,1,25,30
Men,2026,11,2026/6/22,B,Preliminary,Amdavad,India,Oman,Thailand,1,3,25,15,18,20,-,17,25,25,25,-,4,15,11,4,0,-,11,10,17,38,4,3,8,15,0,1,19,20,11,1,10,22,17,4,25,3,0,36,39
Men,2026,11,2026/6/22,B,Preliminary,Amdavad,India,Thailand,Oman,3,1,17,25,25,25,-,25,15,18,20,-,ALL,60,47,9,4,-,47,18,42,107,9,20,19,48,4,8,79,91,37,3,28,68,42,9,64,9,1,98,108
Men,2026,11,2026/6/22,B,Preliminary,Amdavad,India,Thailand,Oman,3,1,17,25,25,25,-,25,15,18,20,-,1,11,9,1,1,-,9,8,6,23,1,5,2,8,1,2,14,17,12,2,6,20,6,1,8,2,1,21,24
Men,2026,11,2026/6/22,B,Preliminary,Amdavad,India,Thailand,Oman,3,1,17,25,25,25,-,25,15,18,20,-,2,17,13,4,0,-,13,1,11,25,4,4,3,11,0,2,23,25,5,1,6,12,15,2,21,3,0,23,26
Men,2026,11,2026/6/22,B,Preliminary,Amdavad,India,Thailand,Oman,3,1,17,25,25,25,-,25,15,18,20,-,3,14,12,0,2,-,12,3,8,23,0,7,3,10,2,1,21,24,9,0,8,17,5,4,12,1,0,21,22
Men,2026,11,2026/6/22,B,Preliminary,Amdavad,India,Thailand,Oman,3,1,17,25,25,25,-,25,15,18,20,-,4,18,13,4,1,-,13,6,17,36,4,4,11,19,1,3,21,25,11,0,8,19,16,2,23,3,0,33,36
Men,2026,12,2026/6/22,B,Preliminary,Amdavad,India,Qatar,Indonesia,2,3,25,22,30,27,13,14,25,32,25,15,ALL,83,54,27,2,-,54,18,78,150,27,42,38,107,2,7,108,117,58,3,34,95,36,16,83,52,0,99,151
Men,2026,12,2026/6/22,B,Preliminary,Amdavad,India,Qatar,Indonesia,2,3,25,22,30,27,13,14,25,32,25,15,1,22,13,8,1,-,13,3,8,24,8,5,5,18,1,2,21,24,6,0,8,14,8,2,15,10,0,15,25
Men,2026,12,2026/6/22,B,Preliminary,Amdavad,India,Qatar,Indonesia,2,3,25,22,30,27,13,14,25,32,25,15,2,14,7,7,0,-,7,6,17,30,7,7,13,27,0,2,21,23,10,2,7,19,7,2,16,8,0,22,30
Men,2026,12,2026/6/22,B,Preliminary,Amdavad,India,Qatar,Indonesia,2,3,25,22,30,27,13,14,25,32,25,15,3,21,14,6,1,-,14,6,21,41,6,16,5,27,1,0,29,30,14,0,13,27,11,8,26,14,0,28,42
Men,2026,12,2026/6/22,B,Preliminary,Amdavad,India,Qatar,Indonesia,2,3,25,22,30,27,13,14,25,32,25,15,4,19,15,4,0,-,15,1,18,34,4,8,10,22,0,2,25,27,17,1,4,22,5,2,16,14,0,20,34
Men,2026,12,2026/6/22,B,Preliminary,Amdavad,India,Qatar,Indonesia,2,3,25,22,30,27,13,14,25,32,25,15,5,7,5,2,0,-,5,2,14,21,2,6,5,13,0,1,12,13,11,0,2,13,5,2,10,6,0,14,20
Men,2026,12,2026/6/22,B,Preliminary,Amdavad,India,Indonesia,Qatar,3,2,14,25,32,25,15,25,22,30,27,13,ALL,95,83,9,3,-,83,42,60,185,9,21,25,55,3,16,92,111,75,2,33,110,41,14,101,50,0,131,181
Men,2026,12,2026/6/22,B,Preliminary,Amdavad,India,Indonesia,Qatar,3,2,14,25,32,25,15,25,22,30,27,13,1,10,9,1,0,-,9,10,10,29,1,7,6,14,0,1,14,15,14,1,7,22,7,1,11,8,0,21,29
Men,2026,12,2026/6/22,B,Preliminary,Amdavad,India,Indonesia,Qatar,3,2,14,25,32,25,15,25,22,30,27,13,2,19,15,2,2,-,15,10,17,42,2,2,5,9,2,5,17,24,15,0,6,21,11,2,24,10,0,32,42
Men,2026,12,2026/6/22,B,Preliminary,Amdavad,India,Indonesia,Qatar,3,2,14,25,32,25,15,25,22,30,27,13,3,30,26,4,0,-,26,10,16,52,4,2,4,10,0,5,27,32,18,1,11,30,10,6,28,10,0,38,48
Men,2026,12,2026/6/22,B,Preliminary,Amdavad,India,Indonesia,Qatar,3,2,14,25,32,25,15,25,22,30,27,13,4,23,21,1,1,-,21,8,10,39,1,6,6,13,1,3,21,25,18,0,7,25,9,4,21,14,0,24,38
Men,2026,12,2026/6/22,B,Preliminary,Amdavad,India,Indonesia,Qatar,3,2,14,25,32,25,15,25,22,30,27,13,5,13,12,1,0,-,12,4,7,23,1,4,4,9,0,2,13,15,10,0,2,12,4,1,17,8,0,16,24
Men,2026,13,2026/6/23,A,Preliminary,Amdavad,India,India,Chinese Taipei,3,1,22,25,25,25,-,25,14,22,22,-,ALL,75,61,10,4,-,61,21,48,130,10,21,23,54,4,6,86,96,45,0,31,76,35,13,73,57,0,70,127
Men,2026,13,2026/6/23,A,Preliminary,Amdavad,India,India,Chinese Taipei,3,1,22,25,25,25,-,25,14,22,22,-,1,20,15,3,2,-,15,8,10,33,3,5,5,13,2,2,19,23,10,0,14,24,6,5,17,16,0,17,33
Men,2026,13,2026/6/23,A,Preliminary,Amdavad,India,India,Chinese Taipei,3,1,22,25,25,25,-,25,14,22,22,-,2,17,14,3,0,-,14,3,12,29,3,1,5,9,0,1,23,24,6,0,8,14,8,3,21,14,0,15,29
Men,2026,13,2026/6/23,A,Preliminary,Amdavad,India,India,Chinese Taipei,3,1,22,25,25,25,-,25,14,22,22,-,3,21,17,3,1,-,17,6,14,37,3,8,9,20,1,1,23,25,17,0,4,21,14,1,19,15,0,22,37
Men,2026,13,2026/6/23,A,Preliminary,Amdavad,India,India,Chinese Taipei,3,1,22,25,25,25,-,25,14,22,22,-,4,17,15,1,1,-,15,4,12,31,1,7,4,12,1,2,21,24,12,0,5,17,7,4,16,12,0,16,28
Men,2026,13,2026/6/23,A,Preliminary,Amdavad,India,Chinese Taipei,India,1,3,25,14,22,22,-,22,25,25,25,-,ALL,63,52,11,0,-,52,24,53,129,11,17,22,50,0,8,76,84,52,4,34,90,25,15,69,37,0,87,124
Men,2026,13,2026/6/23,A,Preliminary,Amdavad,India,Chinese Taipei,India,1,3,25,14,22,22,-,22,25,25,25,-,1,15,12,3,0,-,12,5,10,27,3,6,6,15,0,0,24,24,10,2,9,21,4,2,12,11,0,14,25
Men,2026,13,2026/6/23,A,Preliminary,Amdavad,India,Chinese Taipei,India,1,3,25,14,22,22,-,22,25,25,25,-,2,12,10,2,0,-,10,10,15,35,2,4,2,8,0,1,14,15,15,0,8,23,9,4,20,9,0,26,35
Men,2026,13,2026/6/23,A,Preliminary,Amdavad,India,Chinese Taipei,India,1,3,25,14,22,22,-,22,25,25,25,-,3,18,15,3,0,-,15,6,17,38,3,6,10,19,0,1,21,22,13,1,10,24,6,5,20,10,0,26,36
Men,2026,13,2026/6/23,A,Preliminary,Amdavad,India,Chinese Taipei,India,1,3,25,14,22,22,-,22,25,25,25,-,4,18,15,3,0,-,15,3,11,29,3,1,4,8,0,6,17,23,14,1,7,22,6,4,17,7,0,21,28
Men,2026,14,2026/6/23,A,Preliminary,Amdavad,India,New Zealand,Australia,3,2,16,25,27,19,17,25,23,25,25,15,ALL,73,53,14,6,-,53,18,56,127,14,30,16,60,6,15,83,104,33,6,53,92,42,14,69,24,0,102,126
Men,2026,14,2026/6/23,A,Preliminary,Amdavad,India,New Zealand,Australia,3,2,16,25,27,19,17,25,23,25,25,15,1,10,8,2,0,-,8,3,10,21,2,6,2,10,0,2,14,16,6,3,11,20,5,4,10,7,0,13,20
Men,2026,14,2026/6/23,A,Preliminary,Amdavad,India,New Zealand,Australia,3,2,16,25,27,19,17,25,23,25,25,15,2,16,14,0,2,-,14,4,14,32,0,5,7,12,2,4,19,25,7,0,11,18,13,1,16,4,0,27,31
Men,2026,14,2026/6/23,A,Preliminary,Amdavad,India,New Zealand,Australia,3,2,16,25,27,19,17,25,23,25,25,15,3,22,15,3,4,-,15,3,16,34,3,5,4,12,4,3,19,26,6,1,16,23,13,5,21,8,0,28,36
Men,2026,14,2026/6/23,A,Preliminary,Amdavad,India,New Zealand,Australia,3,2,16,25,27,19,17,25,23,25,25,15,4,13,9,4,0,-,9,6,13,28,4,9,2,15,0,3,17,20,9,1,10,20,10,4,18,4,0,23,27
Men,2026,14,2026/6/23,A,Preliminary,Amdavad,India,New Zealand,Australia,3,2,16,25,27,19,17,25,23,25,25,15,5,12,7,5,0,-,7,2,3,12,5,5,1,11,0,3,14,17,5,1,5,11,1,0,4,1,0,11,12
Men,2026,14,2026/6/23,A,Preliminary,Amdavad,India,Australia,New Zealand,2,3,25,23,25,25,15,16,25,27,19,17,ALL,83,71,6,6,-,71,21,46,138,6,23,14,43,6,21,86,113,30,6,53,89,53,15,83,20,1,120,141
Men,2026,14,2026/6/23,A,Preliminary,Amdavad,India,Australia,New Zealand,2,3,25,23,25,25,15,16,25,27,19,17,1,20,15,2,3,-,15,3,8,26,2,2,2,6,3,5,17,25,5,0,9,14,10,1,13,9,0,15,24
Men,2026,14,2026/6/23,A,Preliminary,Amdavad,India,Australia,New Zealand,2,3,25,23,25,25,15,16,25,27,19,17,2,14,14,0,0,-,14,2,17,33,0,7,2,9,0,5,18,23,7,2,12,21,14,7,23,5,0,29,34
Men,2026,14,2026/6/23,A,Preliminary,Amdavad,India,Australia,New Zealand,2,3,25,23,25,25,15,16,25,27,19,17,3,21,18,2,1,-,18,5,10,33,2,10,4,16,1,3,22,26,9,4,10,23,16,3,21,5,0,30,35
Men,2026,14,2026/6/23,A,Preliminary,Amdavad,India,Australia,New Zealand,2,3,25,23,25,25,15,16,25,27,19,17,4,17,15,1,1,-,15,6,9,30,1,2,6,9,1,4,19,24,2,0,15,17,10,1,17,0,0,30,30
Men,2026,14,2026/6/23,A,Preliminary,Amdavad,India,Australia,New Zealand,2,3,25,23,25,25,15,16,25,27,19,17,5,11,9,1,1,-,9,5,2,16,1,2,0,3,1,4,10,15,7,0,7,14,3,3,9,1,1,16,18
Men,2026,15,2026/6/23,A,Preliminary,Amdavad,India,Chinese Taipei,Kazakhstan,1,3,25,24,16,23,-,20,26,25,25,-,ALL,66,58,6,2,-,58,24,50,132,6,25,11,42,2,11,76,89,35,2,47,84,49,12,71,13,0,118,131
Men,2026,15,2026/6/23,A,Preliminary,Amdavad,India,Chinese Taipei,Kazakhstan,1,3,25,24,16,23,-,20,26,25,25,-,1,20,18,2,0,-,18,2,10,30,2,4,3,9,0,3,21,24,6,1,12,19,12,5,18,7,0,22,29
Men,2026,15,2026/6/23,A,Preliminary,Amdavad,India,Chinese Taipei,Kazakhstan,1,3,25,24,16,23,-,20,26,25,25,-,2,18,16,2,0,-,16,6,11,33,2,11,3,16,0,3,22,25,11,0,11,22,11,1,15,5,0,27,32
Men,2026,15,2026/6/23,A,Preliminary,Amdavad,India,Chinese Taipei,Kazakhstan,1,3,25,24,16,23,-,20,26,25,25,-,3,9,8,1,0,-,8,9,14,31,1,5,1,7,0,2,14,16,7,1,13,21,10,3,17,1,0,31,32
Men,2026,15,2026/6/23,A,Preliminary,Amdavad,India,Chinese Taipei,Kazakhstan,1,3,25,24,16,23,-,20,26,25,25,-,4,19,16,1,2,-,16,7,15,38,1,5,4,10,2,3,19,24,11,0,11,22,16,3,21,0,0,38,38
Men,2026,15,2026/6/23,A,Preliminary,Amdavad,India,Kazakhstan,Chinese Taipei,3,1,20,26,25,25,-,25,24,16,23,-,ALL,74,57,15,2,-,57,12,38,107,15,29,29,73,2,11,82,95,41,2,35,78,27,12,50,21,1,81,103
Men,2026,15,2026/6/23,A,Preliminary,Amdavad,India,Kazakhstan,Chinese Taipei,3,1,20,26,25,25,-,25,24,16,23,-,1,17,14,2,1,-,14,4,9,27,2,9,6,17,1,2,18,21,13,0,8,21,5,2,8,7,0,18,25
Men,2026,15,2026/6/23,A,Preliminary,Amdavad,India,Kazakhstan,Chinese Taipei,3,1,20,26,25,25,-,25,24,16,23,-,2,22,17,5,0,-,17,3,11,31,5,6,4,15,0,3,22,25,7,0,15,22,8,5,18,4,1,27,32
Men,2026,15,2026/6/23,A,Preliminary,Amdavad,India,Kazakhstan,Chinese Taipei,3,1,20,26,25,25,-,25,24,16,23,-,3,17,13,3,1,-,13,3,5,21,3,5,10,18,1,4,20,25,7,0,7,14,5,3,12,3,0,17,20
Men,2026,15,2026/6/23,A,Preliminary,Amdavad,India,Kazakhstan,Chinese Taipei,3,1,20,26,25,25,-,25,24,16,23,-,4,18,13,5,0,-,13,2,13,28,5,9,9,23,0,2,22,24,14,2,5,21,9,2,12,7,0,19,26
Men,2026,16,2026/6/23,B,Preliminary,Amdavad,India,Indonesia,Thailand,3,2,19,25,25,23,15,25,19,22,25,12,ALL,81,67,7,7,-,67,26,42,135,7,28,22,57,7,12,88,107,57,2,36,95,35,13,61,55,0,79,134
Men,2026,16,2026/6/23,B,Preliminary,Amdavad,India,Indonesia,Thailand,3,2,19,25,25,23,15,25,19,22,25,12,1,13,10,1,2,-,10,8,8,26,1,6,4,11,2,2,16,20,12,2,7,21,7,2,12,8,0,20,28
Men,2026,16,2026/6/23,B,Preliminary,Amdavad,India,Indonesia,Thailand,3,2,19,25,25,23,15,25,19,22,25,12,2,20,18,2,0,-,18,4,12,34,2,8,9,19,0,2,22,24,13,0,5,18,11,0,15,13,0,18,31
Men,2026,16,2026/6/23,B,Preliminary,Amdavad,India,Indonesia,Thailand,3,2,19,25,25,23,15,25,19,22,25,12,3,17,12,2,3,-,12,7,10,29,2,2,5,9,3,2,20,25,9,0,12,21,9,5,16,10,0,20,30
Men,2026,16,2026/6/23,B,Preliminary,Amdavad,India,Indonesia,Thailand,3,2,19,25,25,23,15,25,19,22,25,12,4,18,18,0,0,-,18,4,8,30,0,6,3,9,0,5,18,23,14,0,10,24,5,5,13,14,0,16,30
Men,2026,16,2026/6/23,B,Preliminary,Amdavad,India,Indonesia,Thailand,3,2,19,25,25,23,15,25,19,22,25,12,5,13,9,2,2,-,9,3,4,16,2,6,1,9,2,1,12,15,9,0,2,11,3,1,5,10,0,5,15
Men,2026,16,2026/6/23,B,Preliminary,Amdavad,India,Thailand,Indonesia,2,3,25,19,22,25,12,19,25,25,23,15,ALL,81,61,18,2,-,61,24,43,128,18,21,19,58,2,8,93,103,53,7,35,95,32,18,73,55,1,74,130
Men,2026,16,2026/6/23,B,Preliminary,Amdavad,India,Thailand,Indonesia,2,3,25,19,22,25,12,19,25,25,23,15,1,21,13,6,2,-,13,4,9,26,6,5,5,16,2,3,19,24,10,2,6,18,7,0,12,12,0,15,27
Men,2026,16,2026/6/23,B,Preliminary,Amdavad,India,Thailand,Indonesia,2,3,25,19,22,25,12,19,25,25,23,15,2,15,12,3,0,-,12,5,16,33,3,4,4,11,0,2,18,20,10,0,12,22,6,5,20,9,0,23,32
Men,2026,16,2026/6/23,B,Preliminary,Amdavad,India,Thailand,Indonesia,2,3,25,19,22,25,12,19,25,25,23,15,3,18,13,5,0,-,13,8,8,29,5,5,6,16,0,1,21,22,14,3,6,23,10,5,18,13,1,16,30
Men,2026,16,2026/6/23,B,Preliminary,Amdavad,India,Thailand,Indonesia,2,3,25,19,22,25,12,19,25,25,23,15,4,17,15,2,0,-,15,4,7,26,2,6,4,12,0,1,24,25,12,0,6,18,6,7,18,13,0,14,27
Men,2026,16,2026/6/23,B,Preliminary,Amdavad,India,Thailand,Indonesia,2,3,25,19,22,25,12,19,25,25,23,15,5,10,8,2,0,-,8,3,3,14,2,1,0,3,0,1,11,12,7,2,5,14,3,1,5,8,0,6,14
Men,2026,17,2026/6/24,A,Preliminary,Amdavad,India,India,Bahrain,3,0,25,25,25,-,-,21,16,22,-,-,ALL,52,38,14,0,-,38,7,25,70,14,19,21,54,0,9,65,74,34,1,12,47,19,10,41,34,1,36,71
Men,2026,17,2026/6/24,A,Preliminary,Amdavad,India,India,Bahrain,3,0,25,25,25,-,-,21,16,22,-,-,1,14,11,3,0,-,11,1,13,25,3,8,13,24,0,3,22,25,12,0,3,15,8,2,13,12,1,12,25
Men,2026,17,2026/6/24,A,Preliminary,Amdavad,India,India,Bahrain,3,0,25,25,25,-,-,21,16,22,-,-,2,19,14,5,0,-,14,1,6,21,5,5,3,13,0,3,21,24,8,1,4,13,6,3,13,11,0,10,21
Men,2026,17,2026/6/24,A,Preliminary,Amdavad,India,India,Bahrain,3,0,25,25,25,-,-,21,16,22,-,-,3,19,13,6,0,-,13,5,6,24,6,6,5,17,0,3,22,25,14,0,5,19,5,5,15,11,0,14,25
Men,2026,17,2026/6/24,A,Preliminary,Amdavad,India,Bahrain,India,0,3,21,16,22,-,-,25,25,25,-,-,ALL,44,38,5,1,-,38,20,38,96,5,12,10,27,1,13,46,60,46,0,19,65,22,9,55,34,1,65,100
Men,2026,17,2026/6/24,A,Preliminary,Amdavad,India,Bahrain,India,0,3,21,16,22,-,-,25,25,25,-,-,1,17,16,1,0,-,16,7,18,41,1,2,4,7,0,6,15,21,13,0,9,22,12,3,28,13,0,29,42
Men,2026,17,2026/6/24,A,Preliminary,Amdavad,India,Bahrain,India,0,3,21,16,22,-,-,25,25,25,-,-,2,12,10,1,1,-,10,6,8,24,1,6,4,11,1,4,12,17,16,0,5,21,3,3,11,11,0,15,26
Men,2026,17,2026/6/24,A,Preliminary,Amdavad,India,Bahrain,India,0,3,21,16,22,-,-,25,25,25,-,-,3,15,12,3,0,-,12,7,12,31,3,4,2,9,0,3,19,22,17,0,5,22,7,3,16,10,1,21,32
Men,2026,18,2026/6/25,B,Preliminary,Amdavad,India,Oman,Korea,2,3,25,23,13,28,15,23,25,25,26,17,ALL,73,61,9,3,-,61,19,54,134,9,27,16,52,3,13,88,104,39,4,55,98,44,16,74,15,5,119,139
Men,2026,18,2026/6/25,B,Preliminary,Amdavad,India,Oman,Korea,2,3,25,23,13,28,15,23,25,25,26,17,1,16,15,0,1,-,15,1,6,22,0,5,4,9,1,2,21,24,6,1,12,19,5,6,13,6,1,16,23
Men,2026,18,2026/6/25,B,Preliminary,Amdavad,India,Oman,Korea,2,3,25,23,13,28,15,23,25,25,26,17,2,16,14,1,1,-,14,6,11,31,1,6,6,13,1,4,19,24,7,0,14,21,12,1,16,5,1,27,33
Men,2026,18,2026/6/25,B,Preliminary,Amdavad,India,Oman,Korea,2,3,25,23,13,28,15,23,25,25,26,17,3,7,7,0,0,-,7,5,12,24,0,3,1,4,0,3,10,13,8,2,11,21,8,3,15,1,2,25,28
Men,2026,18,2026/6/25,B,Preliminary,Amdavad,India,Oman,Korea,2,3,25,23,13,28,15,23,25,25,26,17,4,22,16,5,1,-,16,3,15,34,5,6,2,13,1,4,23,28,12,0,10,22,8,6,16,1,0,29,30
Men,2026,18,2026/6/25,B,Preliminary,Amdavad,India,Oman,Korea,2,3,25,23,13,28,15,23,25,25,26,17,5,12,9,3,0,-,9,4,10,23,3,7,3,13,0,0,15,15,6,1,8,15,11,0,14,2,1,22,25
Men,2026,18,2026/6/25,B,Preliminary,Amdavad,India,Korea,Oman,3,2,23,25,25,26,17,25,23,13,28,15,ALL,83,70,9,4,-,70,18,47,135,9,25,19,53,4,18,94,116,50,3,38,91,43,14,78,33,2,104,139
Men,2026,18,2026/6/25,B,Preliminary,Amdavad,India,Korea,Oman,3,2,23,25,25,26,17,25,23,13,28,15,1,20,18,1,1,-,18,4,7,29,1,9,4,14,1,5,18,24,14,1,7,22,6,1,8,12,0,17,29
Men,2026,18,2026/6/25,B,Preliminary,Amdavad,India,Korea,Oman,3,2,23,25,25,26,17,25,23,13,28,15,2,15,12,3,0,-,12,4,16,32,3,3,3,9,0,3,21,24,8,1,11,20,10,3,19,5,0,27,32
Men,2026,18,2026/6/25,B,Preliminary,Amdavad,India,Korea,Oman,3,2,23,25,25,26,17,25,23,13,28,15,3,17,13,2,2,-,13,1,3,17,2,2,6,10,2,4,19,25,6,0,4,10,7,3,15,7,1,10,18
Men,2026,18,2026/6/25,B,Preliminary,Amdavad,India,Korea,Oman,3,2,23,25,25,26,17,25,23,13,28,15,4,19,18,1,0,-,18,6,8,32,1,9,2,12,0,4,22,26,12,1,11,24,10,3,18,8,0,24,32
Men,2026,18,2026/6/25,B,Preliminary,Amdavad,India,Korea,Oman,3,2,23,25,25,26,17,25,23,13,28,15,5,12,9,2,1,-,9,3,13,25,2,2,4,8,1,2,14,17,10,0,5,15,10,4,18,1,1,26,28
Men,2026,19,2026/6/25,A,Preliminary,Amdavad,India,Chinese Taipei,New Zealand,3,0,25,25,25,-,-,19,23,22,-,-,ALL,54,47,5,2,-,47,13,27,87,5,8,10,23,2,6,65,73,19,7,36,62,33,7,46,21,2,63,86
Men,2026,19,2026/6/25,A,Preliminary,Amdavad,India,Chinese Taipei,New Zealand,3,0,25,25,25,-,-,19,23,22,-,-,1,18,17,1,0,-,17,1,12,30,1,0,5,6,0,2,22,24,5,4,11,20,17,3,21,7,1,22,30
Men,2026,19,2026/6/25,A,Preliminary,Amdavad,India,Chinese Taipei,New Zealand,3,0,25,25,25,-,-,19,23,22,-,-,2,16,12,2,2,-,12,8,6,26,2,2,1,5,2,2,21,25,4,1,15,20,8,2,12,5,1,20,26
Men,2026,19,2026/6/25,A,Preliminary,Amdavad,India,Chinese Taipei,New Zealand,3,0,25,25,25,-,-,19,23,22,-,-,3,20,18,2,0,-,18,4,9,31,2,6,4,12,0,2,22,24,10,2,10,22,8,2,13,9,0,21,30
Men,2026,19,2026/6/25,A,Preliminary,Amdavad,India,New Zealand,Chinese Taipei,0,3,19,23,22,-,-,25,25,25,-,-,ALL,48,35,6,7,-,35,18,31,84,6,20,8,34,7,4,55,66,22,2,43,67,23,10,42,14,2,72,88
Men,2026,19,2026/6/25,A,Preliminary,Amdavad,India,New Zealand,Chinese Taipei,0,3,19,23,22,-,-,25,25,25,-,-,1,15,11,0,4,-,11,7,18,36,0,7,1,8,4,0,16,20,5,0,17,22,13,4,21,4,1,31,36
Men,2026,19,2026/6/25,A,Preliminary,Amdavad,India,New Zealand,Chinese Taipei,0,3,19,23,22,-,-,25,25,25,-,-,2,16,11,4,1,-,11,6,4,21,4,6,4,14,1,3,19,23,9,2,12,23,1,3,6,5,1,16,22
Men,2026,19,2026/6/25,A,Preliminary,Amdavad,India,New Zealand,Chinese Taipei,0,3,19,23,22,-,-,25,25,25,-,-,3,17,13,2,2,-,13,5,9,27,2,7,3,12,2,1,20,23,8,0,14,22,9,3,15,5,0,25,30
Men,2026,20,2026/6/25,A,Preliminary,Amdavad,India,Bahrain,Kazakhstan,3,1,22,25,25,25,-,25,23,17,20,-,ALL,70,60,5,5,-,60,26,40,126,5,17,18,40,5,6,85,96,40,4,28,72,40,16,86,52,0,75,127
Men,2026,20,2026/6/25,A,Preliminary,Amdavad,India,Bahrain,Kazakhstan,3,1,22,25,25,25,-,25,23,17,20,-,1,17,14,2,1,-,14,9,11,34,2,4,4,10,1,0,22,23,13,1,8,22,11,7,26,10,0,25,35
Men,2026,20,2026/6/25,A,Preliminary,Amdavad,India,Bahrain,Kazakhstan,3,1,22,25,25,25,-,25,23,17,20,-,2,17,16,0,1,-,16,4,9,29,0,5,1,6,1,3,20,24,11,2,5,18,9,6,21,15,0,15,30
Men,2026,20,2026/6/25,A,Preliminary,Amdavad,India,Bahrain,Kazakhstan,3,1,22,25,25,25,-,25,23,17,20,-,3,19,15,3,1,-,15,4,9,28,3,4,5,12,1,2,22,25,5,1,7,13,8,1,19,13,0,14,27
Men,2026,20,2026/6/25,A,Preliminary,Amdavad,India,Bahrain,Kazakhstan,3,1,22,25,25,25,-,25,23,17,20,-,4,17,15,0,2,-,15,9,11,35,0,4,8,12,2,1,21,24,11,0,8,19,12,2,20,14,0,21,35
Men,2026,20,2026/6/25,A,Preliminary,Amdavad,India,Kazakhstan,Bahrain,1,3,25,23,17,20,-,22,25,25,25,-,ALL,70,46,20,4,-,46,14,61,121,20,28,16,64,4,14,68,86,52,5,33,90,28,18,65,39,1,82,122
Men,2026,20,2026/6/25,A,Preliminary,Amdavad,India,Kazakhstan,Bahrain,1,3,25,23,17,20,-,22,25,25,25,-,1,21,14,6,1,-,14,4,18,36,6,9,5,20,1,2,21,24,17,1,5,23,9,4,19,12,0,23,35
Men,2026,20,2026/6/25,A,Preliminary,Amdavad,India,Kazakhstan,Bahrain,1,3,25,23,17,20,-,22,25,25,25,-,2,17,12,3,2,-,12,2,12,26,3,4,2,9,2,6,16,24,14,1,6,21,5,7,15,9,0,17,26
Men,2026,20,2026/6/25,A,Preliminary,Amdavad,India,Kazakhstan,Bahrain,1,3,25,23,17,20,-,22,25,25,25,-,3,15,10,4,1,-,10,4,17,31,4,5,3,12,1,4,12,17,13,1,9,23,8,5,19,10,1,22,33
Men,2026,20,2026/6/25,A,Preliminary,Amdavad,India,Kazakhstan,Bahrain,1,3,25,23,17,20,-,22,25,25,25,-,4,17,10,7,0,-,10,4,14,28,7,10,6,23,0,2,19,21,8,2,13,23,6,2,12,8,0,20,28
Men,2026,21,2026/6/26,A,Preliminary,Amdavad,India,India,Australia,3,0,26,25,30,-,-,24,15,28,-,-,ALL,50,38,6,6,-,38,16,35,89,6,24,19,49,6,6,68,80,22,0,30,52,34,15,64,16,1,74,91
Men,2026,21,2026/6/26,A,Preliminary,Amdavad,India,India,Australia,3,0,26,25,30,-,-,24,15,28,-,-,1,16,13,1,2,-,13,7,9,29,1,5,5,11,2,4,20,26,8,0,13,21,10,7,21,6,0,25,31
Men,2026,21,2026/6/26,A,Preliminary,Amdavad,India,India,Australia,3,0,26,25,30,-,-,24,15,28,-,-,2,15,11,2,2,-,11,2,12,25,2,7,5,14,2,1,21,24,5,0,6,11,13,3,20,4,0,21,25
Men,2026,21,2026/6/26,A,Preliminary,Amdavad,India,India,Australia,3,0,26,25,30,-,-,24,15,28,-,-,3,19,14,3,2,-,14,7,14,35,3,12,9,24,2,1,27,30,9,0,11,20,11,5,23,6,1,28,35
Men,2026,21,2026/6/26,A,Preliminary,Amdavad,India,Australia,India,0,3,24,15,28,-,-,26,25,30,-,-,ALL,50,41,9,0,-,41,19,47,107,9,13,13,35,0,16,52,68,20,6,48,74,35,17,69,4,1,103,108
Men,2026,21,2026/6/26,A,Preliminary,Amdavad,India,Australia,India,0,3,24,15,28,-,-,26,25,30,-,-,1,18,13,5,0,-,13,8,12,33,5,4,4,13,0,3,21,24,7,2,13,22,10,5,22,1,0,33,34
Men,2026,21,2026/6/26,A,Preliminary,Amdavad,India,Australia,India,0,3,24,15,28,-,-,26,25,30,-,-,2,11,11,0,0,-,11,6,15,32,0,5,5,10,0,5,11,16,5,2,16,23,9,4,17,2,1,29,32
Men,2026,21,2026/6/26,A,Preliminary,Amdavad,India,Australia,India,0,3,24,15,28,-,-,26,25,30,-,-,3,21,17,4,0,-,17,5,20,42,4,4,4,12,0,8,20,28,8,2,19,29,16,8,30,1,0,41,42
Men,2026,22,2026/6/26,A,Preliminary,Amdavad,India,New Zealand,Kazakhstan,1,3,21,19,25,31,-,25,25,22,33,-,ALL,60,45,11,4,-,45,27,49,121,11,21,16,48,4,14,79,97,23,1,56,80,39,21,71,14,0,99,113
Men,2026,22,2026/6/26,A,Preliminary,Amdavad,India,New Zealand,Kazakhstan,1,3,21,19,25,31,-,25,25,22,33,-,1,13,6,6,1,-,6,5,15,26,6,8,6,20,1,1,19,21,6,0,12,18,8,9,20,5,0,18,23
Men,2026,22,2026/6/26,A,Preliminary,Amdavad,India,New Zealand,Kazakhstan,1,3,21,19,25,31,-,25,25,22,33,-,2,9,8,1,0,-,8,8,12,28,1,4,3,8,0,3,17,20,5,1,13,19,9,2,15,3,0,25,28
Men,2026,22,2026/6/26,A,Preliminary,Amdavad,India,New Zealand,Kazakhstan,1,3,21,19,25,31,-,25,25,22,33,-,3,16,12,1,3,-,12,5,9,26,1,4,1,6,3,5,16,24,3,0,13,16,10,4,16,2,0,22,24
Men,2026,22,2026/6/26,A,Preliminary,Amdavad,India,New Zealand,Kazakhstan,1,3,21,19,25,31,-,25,25,22,33,-,4,22,19,3,0,-,19,9,13,41,3,5,6,14,0,5,27,32,9,0,18,27,12,6,20,4,0,34,38
Men,2026,22,2026/6/26,A,Preliminary,Amdavad,India,Kazakhstan,New Zealand,3,1,25,25,22,33,-,21,19,25,31,-,ALL,68,60,7,1,-,60,18,43,121,7,17,11,35,1,24,79,104,33,4,46,83,39,17,70,25,1,94,120
Men,2026,22,2026/6/26,A,Preliminary,Amdavad,India,Kazakhstan,New Zealand,3,1,25,25,22,33,-,21,19,25,31,-,1,18,18,0,0,-,18,7,10,35,0,2,2,4,0,7,18,25,9,1,10,20,15,2,22,9,0,26,35
Men,2026,22,2026/6/26,A,Preliminary,Amdavad,India,Kazakhstan,New Zealand,3,1,25,25,22,33,-,21,19,25,31,-,2,15,12,2,1,-,12,5,9,26,2,3,2,7,1,5,18,24,5,0,12,17,8,5,17,5,0,21,26
Men,2026,22,2026/6/26,A,Preliminary,Amdavad,India,Kazakhstan,New Zealand,3,1,25,25,22,33,-,21,19,25,31,-,3,14,11,3,0,-,11,2,9,22,3,4,2,9,0,7,16,23,7,3,9,19,5,3,11,4,0,17,21
Men,2026,22,2026/6/26,A,Preliminary,Amdavad,India,Kazakhstan,New Zealand,3,1,25,25,22,33,-,21,19,25,31,-,4,21,19,2,0,-,19,4,15,38,2,8,5,15,0,5,27,32,12,0,15,27,11,7,20,7,1,30,38
Men,2026,23,2026/6/26,B,Preliminary,Amdavad,India,Qatar,Korea,1,3,16,25,21,18,-,25,21,25,25,-,ALL,62,46,14,2,-,46,12,62,120,14,32,21,67,2,14,65,81,48,8,26,82,31,12,69,37,0,82,119
Men,2026,23,2026/6/26,B,Preliminary,Amdavad,India,Qatar,Korea,1,3,16,25,21,18,-,25,21,25,25,-,1,11,11,0,0,-,11,5,16,32,0,7,3,10,0,1,15,16,11,3,7,21,9,2,18,12,0,20,32
Men,2026,23,2026/6/26,B,Preliminary,Amdavad,India,Qatar,Korea,1,3,16,25,21,18,-,25,21,25,25,-,2,20,12,6,2,-,12,2,9,23,6,7,2,15,2,5,18,25,9,1,8,18,5,3,11,8,0,16,24
Men,2026,23,2026/6/26,B,Preliminary,Amdavad,India,Qatar,Korea,1,3,16,25,21,18,-,25,21,25,25,-,3,17,12,5,0,-,12,5,22,39,5,10,10,25,0,3,18,21,17,1,5,23,11,3,25,8,0,30,38
Men,2026,23,2026/6/26,B,Preliminary,Amdavad,India,Qatar,Korea,1,3,16,25,21,18,-,25,21,25,25,-,4,14,11,3,0,-,11,0,15,26,3,8,6,17,0,5,14,19,11,3,6,20,6,4,15,9,0,16,25
Men,2026,23,2026/6/26,B,Preliminary,Amdavad,India,Korea,Qatar,3,1,25,21,25,25,-,16,25,21,18,-,ALL,74,60,6,8,-,60,19,48,127,6,16,14,36,8,13,74,95,40,2,25,67,51,8,91,47,0,83,130
Men,2026,23,2026/6/26,B,Preliminary,Amdavad,India,Korea,Qatar,3,1,25,21,25,25,-,16,25,21,18,-,1,21,16,2,3,-,16,1,7,24,2,1,5,8,3,4,18,25,8,0,7,15,10,2,20,15,0,13,28
Men,2026,23,2026/6/26,B,Preliminary,Amdavad,India,Korea,Qatar,3,1,25,21,25,25,-,16,25,21,18,-,2,15,13,1,1,-,13,8,8,29,1,6,1,8,1,3,17,21,12,2,6,20,9,1,12,10,0,17,27
Men,2026,23,2026/6/26,B,Preliminary,Amdavad,India,Korea,Qatar,3,1,25,21,25,25,-,16,25,21,18,-,3,19,15,3,1,-,15,7,23,45,3,2,6,11,1,2,22,25,13,0,5,18,19,5,35,11,0,34,45
Men,2026,23,2026/6/26,B,Preliminary,Amdavad,India,Korea,Qatar,3,1,25,21,25,25,-,16,25,21,18,-,4,19,16,0,3,-,16,3,10,29,0,7,2,9,3,4,17,24,7,0,7,14,13,0,24,11,0,19,30
Men,2026,24,2026/6/26,B,Preliminary,Amdavad,India,Indonesia,Oman,3,1,25,20,25,25,-,23,25,19,21,-,ALL,69,56,9,4,-,56,23,37,116,9,26,9,44,4,6,84,94,53,3,22,78,20,14,60,54,1,58,113
Men,2026,24,2026/6/26,B,Preliminary,Amdavad,India,Indonesia,Oman,3,1,25,20,25,25,-,23,25,19,21,-,1,19,15,2,2,-,15,5,15,35,2,5,3,10,2,3,20,25,15,1,5,21,9,3,20,14,1,20,35
Men,2026,24,2026/6/26,B,Preliminary,Amdavad,India,Indonesia,Oman,3,1,25,20,25,25,-,23,25,19,21,-,2,14,13,0,1,-,13,8,6,27,0,11,1,12,1,0,19,20,16,0,5,21,2,4,11,14,0,12,26
Men,2026,24,2026/6/26,B,Preliminary,Amdavad,India,Indonesia,Oman,3,1,25,20,25,25,-,23,25,19,21,-,3,15,10,4,1,-,10,6,11,27,4,4,3,11,1,1,23,25,7,0,8,15,4,2,13,9,0,17,26
Men,2026,24,2026/6/26,B,Preliminary,Amdavad,India,Indonesia,Oman,3,1,25,20,25,25,-,23,25,19,21,-,4,21,18,3,0,-,18,4,5,27,3,6,2,11,0,2,22,24,15,2,4,21,5,5,16,17,0,9,26
Men,2026,24,2026/6/26,B,Preliminary,Amdavad,India,Oman,Indonesia,1,3,23,25,19,21,-,25,20,25,25,-,ALL,66,54,9,3,-,54,22,35,111,9,14,14,37,3,11,75,89,43,4,41,88,21,20,63,44,1,67,112
Men,2026,24,2026/6/26,B,Preliminary,Amdavad,India,Oman,Indonesia,1,3,23,25,19,21,-,25,20,25,25,-,1,16,12,3,1,-,12,6,13,31,3,7,8,18,1,2,20,23,9,2,11,22,8,3,18,11,0,20,31
Men,2026,24,2026/6/26,B,Preliminary,Amdavad,India,Oman,Indonesia,1,3,23,25,19,21,-,25,20,25,25,-,2,20,17,3,0,-,17,2,5,24,3,2,2,7,0,4,21,25,10,1,9,20,5,8,18,13,0,12,25
Men,2026,24,2026/6/26,B,Preliminary,Amdavad,India,Oman,Indonesia,1,3,23,25,19,21,-,25,20,25,25,-,3,14,12,2,0,-,12,9,10,31,2,3,2,7,0,4,15,19,13,1,10,24,5,2,13,8,1,22,31
Men,2026,24,2026/6/26,B,Preliminary,Amdavad,India,Oman,Indonesia,1,3,23,25,19,21,-,25,20,25,25,-,4,16,13,1,2,-,13,5,7,25,1,2,2,5,2,1,19,22,11,0,11,22,3,7,14,12,0,13,25
Men,2026,25,2026/6/27,A,Preliminary,Amdavad,India,Australia,Bahrain,1,3,18,28,19,21,-,25,26,25,25,-,ALL,59,43,13,3,-,43,21,46,110,13,22,9,44,3,13,71,87,51,6,29,86,25,17,65,36,1,77,114
Men,2026,25,2026/6/27,A,Preliminary,Amdavad,India,Australia,Bahrain,1,3,18,28,19,21,-,25,26,25,25,-,1,12,10,1,1,-,10,7,12,29,1,6,0,7,1,2,16,19,12,0,9,21,6,3,13,10,1,19,30
Men,2026,25,2026/6/27,A,Preliminary,Amdavad,India,Australia,Bahrain,1,3,18,28,19,21,-,25,26,25,25,-,2,20,15,5,0,-,15,6,13,34,5,4,4,13,0,5,22,27,17,2,5,24,9,3,17,13,0,20,33
Men,2026,25,2026/6/27,A,Preliminary,Amdavad,India,Australia,Bahrain,1,3,18,28,19,21,-,25,26,25,25,-,3,12,8,3,1,-,8,2,11,21,3,7,3,13,1,4,15,20,11,1,8,20,6,4,14,6,0,18,24
Men,2026,25,2026/6/27,A,Preliminary,Amdavad,India,Australia,Bahrain,1,3,18,28,19,21,-,25,26,25,25,-,4,15,10,4,1,-,10,6,10,26,4,5,2,11,1,2,18,21,11,3,7,21,4,7,21,7,0,20,27
Men,2026,25,2026/6/27,A,Preliminary,Amdavad,India,Bahrain,Australia,3,1,25,26,25,25,-,18,28,19,21,-,ALL,74,58,10,6,-,58,21,39,118,10,15,12,37,6,14,80,100,37,3,34,74,36,22,73,50,2,61,113
Men,2026,25,2026/6/27,A,Preliminary,Amdavad,India,Bahrain,Australia,3,1,25,26,25,25,-,18,28,19,21,-,1,16,15,1,0,-,15,2,4,21,1,4,3,8,0,3,21,24,7,1,9,17,6,6,16,13,1,8,22
Men,2026,25,2026/6/27,A,Preliminary,Amdavad,India,Bahrain,Australia,3,1,25,26,25,25,-,18,28,19,21,-,2,19,12,5,2,-,12,9,15,36,5,4,3,12,2,3,22,27,12,0,10,22,9,7,20,9,0,24,33
Men,2026,25,2026/6/27,A,Preliminary,Amdavad,India,Bahrain,Australia,3,1,25,26,25,25,-,18,28,19,21,-,3,18,17,0,1,-,17,5,8,30,0,4,4,8,1,4,19,24,9,1,6,16,13,3,16,14,0,14,28
Men,2026,25,2026/6/27,A,Preliminary,Amdavad,India,Bahrain,Australia,3,1,25,26,25,25,-,18,28,19,21,-,4,21,14,4,3,-,14,5,12,31,4,3,2,9,3,4,18,25,9,1,9,19,8,6,21,14,1,15,30
Men,2026,26,2026/6/27,Final_9-10,Final_Round,Amdavad,India,New Zealand,Oman,0,3,20,21,18,-,-,25,25,25,-,-,ALL,45,36,6,3,-,36,19,32,87,6,15,6,27,3,8,50,61,27,4,37,68,21,9,40,18,1,64,83
Men,2026,26,2026/6/27,Final_9-10,Final_Round,Amdavad,India,New Zealand,Oman,0,3,20,21,18,-,-,25,25,25,-,-,1,19,14,4,1,-,14,7,15,36,4,8,2,14,1,2,18,21,12,1,10,23,12,2,18,7,0,28,35
Men,2026,26,2026/6/27,Final_9-10,Final_Round,Amdavad,India,New Zealand,Oman,0,3,20,21,18,-,-,25,25,25,-,-,2,14,11,2,1,-,11,5,11,27,2,6,3,11,1,4,16,21,7,2,15,24,4,4,13,6,0,19,25
Men,2026,26,2026/6/27,Final_9-10,Final_Round,Amdavad,India,New Zealand,Oman,0,3,20,21,18,-,-,25,25,25,-,-,3,12,11,0,1,-,11,7,6,24,0,1,1,2,1,2,16,19,8,1,12,21,5,3,9,5,1,17,23
Men,2026,26,2026/6/27,Final_9-10,Final_Round,Amdavad,India,Oman,New Zealand,3,0,25,25,25,-,-,20,21,18,-,-,ALL,54,43,7,4,-,43,14,21,78,7,11,9,27,4,5,64,73,23,3,26,52,29,9,51,13,1,68,82
Men,2026,26,2026/6/27,Final_9-10,Final_Round,Amdavad,India,Oman,New Zealand,3,0,25,25,25,-,-,20,21,18,-,-,1,19,15,3,1,-,15,4,8,27,3,3,5,11,1,1,22,24,8,1,10,19,11,4,19,4,0,25,29
Men,2026,26,2026/6/27,Final_9-10,Final_Round,Amdavad,India,Oman,New Zealand,3,0,25,25,25,-,-,20,21,18,-,-,2,18,14,2,2,-,14,8,8,30,2,4,2,8,2,1,22,25,8,1,8,17,12,2,20,4,0,27,31
Men,2026,26,2026/6/27,Final_9-10,Final_Round,Amdavad,India,Oman,New Zealand,3,0,25,25,25,-,-,20,21,18,-,-,3,17,14,2,1,-,14,2,5,21,2,4,2,8,1,3,20,24,7,1,8,16,6,3,12,5,1,16,22
Men,2026,27,2026/6/27,Semifinals,Final_Round,Amdavad,India,Korea,Bahrain,3,1,25,25,23,25,-,23,22,25,20,-,ALL,76,60,11,5,-,60,18,43,121,11,27,20,58,5,14,78,97,33,5,41,79,42,13,72,19,0,102,121
Men,2026,27,2026/6/27,Semifinals,Final_Round,Amdavad,India,Korea,Bahrain,3,1,25,25,23,25,-,23,22,25,20,-,1,20,17,2,1,-,17,3,6,26,2,7,3,12,1,6,18,25,8,0,12,20,5,4,10,6,0,19,25
Men,2026,27,2026/6/27,Semifinals,Final_Round,Amdavad,India,Korea,Bahrain,3,1,25,25,23,25,-,23,22,25,20,-,2,19,17,2,0,-,17,5,8,30,2,4,4,10,0,2,22,24,9,3,7,19,8,3,19,6,0,22,28
Men,2026,27,2026/6/27,Semifinals,Final_Round,Amdavad,India,Korea,Bahrain,3,1,25,25,23,25,-,23,22,25,20,-,3,17,11,2,4,-,11,4,14,29,2,8,4,14,4,3,17,24,8,1,11,20,13,5,20,4,0,27,31
Men,2026,27,2026/6/27,Semifinals,Final_Round,Amdavad,India,Korea,Bahrain,3,1,25,25,23,25,-,23,22,25,20,-,4,20,15,5,0,-,15,6,15,36,5,8,9,22,0,3,21,24,8,1,11,20,16,1,23,3,0,34,37
Men,2026,27,2026/6/27,Semifinals,Final_Round,Amdavad,India,Bahrain,Korea,1,3,23,22,25,20,-,25,25,23,25,-,ALL,60,51,4,5,-,51,17,49,117,4,20,18,42,5,12,74,91,37,5,41,83,37,16,72,10,2,111,123
Men,2026,27,2026/6/27,Semifinals,Final_Round,Amdavad,India,Bahrain,Korea,1,3,23,22,25,20,-,25,25,23,25,-,1,13,13,0,0,-,13,2,6,21,0,7,4,11,0,3,20,23,8,1,10,19,5,6,14,2,1,21,24
Men,2026,27,2026/6/27,Semifinals,Final_Round,Amdavad,India,Bahrain,Korea,1,3,23,22,25,20,-,25,25,23,25,-,2,16,11,2,3,-,11,4,11,26,2,3,2,7,3,4,16,23,9,0,13,22,4,5,16,6,0,21,27
Men,2026,27,2026/6/27,Semifinals,Final_Round,Amdavad,India,Bahrain,Korea,1,3,23,22,25,20,-,25,25,23,25,-,3,19,17,1,1,-,17,3,13,33,1,5,6,12,1,4,19,24,10,4,7,21,13,1,16,1,0,31,32
Men,2026,27,2026/6/27,Semifinals,Final_Round,Amdavad,India,Bahrain,Korea,1,3,23,22,25,20,-,25,25,23,25,-,4,12,10,1,1,-,10,8,19,37,1,5,6,12,1,1,19,21,10,0,11,21,15,4,26,1,1,38,40
Men,2026,28,2026/6/27,Semifinals,Final_Round,Amdavad,India,India,Indonesia,2,3,25,24,20,25,13,15,26,25,19,15,ALL,82,63,17,2,-,63,17,40,120,17,24,14,55,2,10,96,108,36,2,46,84,36,18,68,15,1,105,121
Men,2026,28,2026/6/27,Semifinals,Final_Round,Amdavad,India,India,Indonesia,2,3,25,24,20,25,13,15,26,25,19,15,1,17,14,3,0,-,14,1,13,28,3,3,3,9,0,3,21,24,6,0,6,12,8,6,17,3,0,19,22
Men,2026,28,2026/6/27,Semifinals,Final_Round,Amdavad,India,India,Indonesia,2,3,25,24,20,25,13,15,26,25,19,15,2,20,14,6,0,-,14,3,11,28,6,5,1,12,0,1,24,25,9,0,12,21,9,5,15,4,0,25,29
Men,2026,28,2026/6/27,Semifinals,Final_Round,Amdavad,India,India,Indonesia,2,3,25,24,20,25,13,15,26,25,19,15,3,16,15,1,0,-,15,7,5,27,1,4,6,11,0,4,16,20,11,1,10,22,6,2,9,3,0,24,27
Men,2026,28,2026/6/27,Semifinals,Final_Round,Amdavad,India,India,Indonesia,2,3,25,24,20,25,13,15,26,25,19,15,4,20,14,4,2,-,14,3,8,25,4,8,4,16,2,1,22,25,4,0,12,16,10,4,19,1,0,26,27
Men,2026,28,2026/6/27,Semifinals,Final_Round,Amdavad,India,India,Indonesia,2,3,25,24,20,25,13,15,26,25,19,15,5,9,6,3,0,-,6,3,3,12,3,4,0,7,0,1,13,14,6,1,6,13,3,1,8,4,1,11,16
Men,2026,28,2026/6/27,Semifinals,Final_Round,Amdavad,India,Indonesia,India,3,2,15,26,25,19,15,25,24,20,25,13,ALL,78,66,10,2,-,66,27,41,134,10,22,17,49,2,15,82,99,45,2,51,98,38,14,69,10,0,128,138
Men,2026,28,2026/6/27,Semifinals,Final_Round,Amdavad,India,Indonesia,India,3,2,15,26,25,19,15,25,24,20,25,13,1,9,9,0,0,-,9,7,8,24,0,5,5,10,0,4,12,16,4,0,17,21,10,1,16,1,0,28,29
Men,2026,28,2026/6/27,Semifinals,Final_Round,Amdavad,India,Indonesia,India,3,2,15,26,25,19,15,25,24,20,25,13,2,25,22,3,0,-,22,6,6,34,3,5,6,14,0,4,21,25,12,0,12,24,10,4,16,3,0,31,34
Men,2026,28,2026/6/27,Semifinals,Final_Round,Amdavad,India,Indonesia,India,3,2,15,26,25,19,15,25,24,20,25,13,3,18,13,4,1,-,13,2,10,25,4,6,2,12,1,3,21,25,9,0,7,16,8,2,11,2,0,22,24
Men,2026,28,2026/6/27,Semifinals,Final_Round,Amdavad,India,Indonesia,India,3,2,15,26,25,19,15,25,24,20,25,13,4,15,13,2,0,-,13,6,14,33,2,5,3,10,0,3,16,19,14,2,8,24,8,3,15,2,0,30,32
Men,2026,28,2026/6/27,Semifinals,Final_Round,Amdavad,India,Indonesia,India,3,2,15,26,25,19,15,25,24,20,25,13,5,11,9,1,1,-,9,6,3,18,1,1,1,3,1,1,12,14,6,0,7,13,2,4,11,2,0,17,19
Men,2026,29,2026/6/28,Final_7-8,Final_Round,Amdavad,India,Chinese Taipei,Qatar,1,3,30,25,18,15,-,32,22,25,25,-,ALL,66,56,7,3,-,56,34,38,128,7,15,17,39,3,11,75,89,34,3,51,88,43,12,71,11,1,118,130
Men,2026,29,2026/6/28,Final_7-8,Final_Round,Amdavad,India,Chinese Taipei,Qatar,1,3,30,25,18,15,-,32,22,25,25,-,1,25,19,3,3,-,19,11,10,40,3,1,2,6,3,4,24,31,13,0,14,27,14,8,26,3,0,40,43
Men,2026,29,2026/6/28,Final_7-8,Final_Round,Amdavad,India,Chinese Taipei,Qatar,1,3,30,25,18,15,-,32,22,25,25,-,2,19,17,2,0,-,17,7,10,34,2,3,8,13,0,3,21,24,7,2,10,19,10,0,15,4,0,27,31
Men,2026,29,2026/6/28,Final_7-8,Final_Round,Amdavad,India,Chinese Taipei,Qatar,1,3,30,25,18,15,-,32,22,25,25,-,3,12,11,1,0,-,11,6,9,26,1,6,4,11,0,0,19,19,6,1,14,21,8,3,15,3,0,22,25
Men,2026,29,2026/6/28,Final_7-8,Final_Round,Amdavad,India,Chinese Taipei,Qatar,1,3,30,25,18,15,-,32,22,25,25,-,4,10,9,1,0,-,9,10,9,28,1,5,3,9,0,4,11,15,8,0,13,21,11,1,15,1,1,29,31
Men,2026,29,2026/6/28,Final_7-8,Final_Round,Amdavad,India,Qatar,Chinese Taipei,3,1,32,22,25,25,-,30,25,18,15,-,ALL,74,54,17,3,-,54,11,45,110,17,23,15,55,3,15,85,103,33,3,42,78,34,15,66,11,0,103,114
Men,2026,29,2026/6/28,Final_7-8,Final_Round,Amdavad,India,Qatar,Chinese Taipei,3,1,32,22,25,25,-,30,25,18,15,-,1,22,17,5,0,-,17,3,11,31,5,9,5,19,0,4,27,31,7,3,17,27,6,4,15,4,0,29,33
Men,2026,29,2026/6/28,Final_7-8,Final_Round,Amdavad,India,Qatar,Chinese Taipei,3,1,32,22,25,25,-,30,25,18,15,-,2,15,9,4,2,-,9,4,17,30,4,4,4,12,2,4,17,23,9,0,12,21,13,6,25,1,0,32,33
Men,2026,29,2026/6/28,Final_7-8,Final_Round,Amdavad,India,Qatar,Chinese Taipei,3,1,32,22,25,25,-,30,25,18,15,-,3,22,18,3,1,-,18,3,8,29,3,4,4,11,1,3,20,24,11,0,8,19,7,3,15,3,0,25,28
Men,2026,29,2026/6/28,Final_7-8,Final_Round,Amdavad,India,Qatar,Chinese Taipei,3,1,32,22,25,25,-,30,25,18,15,-,4,15,10,5,0,-,10,1,9,20,5,6,2,13,0,4,21,25,6,0,5,11,8,2,11,3,0,17,20
Men,2026,30,2026/6/28,Final_5-6,Final_Round,Amdavad,India,Kazakhstan,Thailand,3,1,25,25,22,27,-,21,23,25,25,-,ALL,73,53,14,6,-,53,17,42,112,14,20,21,55,6,18,74,98,38,4,43,85,35,12,59,22,0,92,114
Men,2026,30,2026/6/28,Final_5-6,Final_Round,Amdavad,India,Kazakhstan,Thailand,3,1,25,25,22,27,-,21,23,25,25,-,1,21,17,4,0,-,17,2,4,23,4,1,7,12,0,5,20,25,8,0,11,19,5,3,8,6,0,17,23
Men,2026,30,2026/6/28,Final_5-6,Final_Round,Amdavad,India,Kazakhstan,Thailand,3,1,25,25,22,27,-,21,23,25,25,-,2,19,13,3,3,-,13,4,11,28,3,7,6,16,3,5,16,24,13,1,9,23,9,4,21,9,0,23,32
Men,2026,30,2026/6/28,Final_5-6,Final_Round,Amdavad,India,Kazakhstan,Thailand,3,1,25,25,22,27,-,21,23,25,25,-,3,16,11,3,2,-,11,7,14,32,3,4,2,9,2,3,18,23,9,1,12,22,11,3,16,5,0,27,32
Men,2026,30,2026/6/28,Final_5-6,Final_Round,Amdavad,India,Kazakhstan,Thailand,3,1,25,25,22,27,-,21,23,25,25,-,4,17,12,4,1,-,12,4,13,29,4,8,6,18,1,5,20,26,8,2,11,21,10,2,14,2,0,25,27
Men,2026,30,2026/6/28,Final_5-6,Final_Round,Amdavad,India,Thailand,Kazakhstan,1,3,21,23,25,25,-,25,25,22,27,-,ALL,65,54,7,4,-,54,27,40,121,7,21,19,47,4,10,81,95,27,6,47,80,42,12,70,15,1,106,122
Men,2026,30,2026/6/28,Final_5-6,Final_Round,Amdavad,India,Thailand,Kazakhstan,1,3,21,23,25,25,-,25,25,22,27,-,1,15,14,1,0,-,14,6,9,29,1,7,2,10,0,2,19,21,9,0,11,20,7,5,13,4,0,24,28
Men,2026,30,2026/6/28,Final_5-6,Final_Round,Amdavad,India,Thailand,Kazakhstan,1,3,21,23,25,25,-,25,25,22,27,-,2,15,12,2,1,-,12,7,12,31,2,5,3,10,1,1,22,24,5,3,11,19,11,4,23,4,0,29,33
Men,2026,30,2026/6/28,Final_5-6,Final_Round,Amdavad,India,Thailand,Kazakhstan,1,3,21,23,25,25,-,25,25,22,27,-,3,18,14,3,1,-,14,7,7,28,3,4,7,14,1,2,21,24,7,2,11,20,11,2,17,3,0,26,29
Men,2026,30,2026/6/28,Final_5-6,Final_Round,Amdavad,India,Thailand,Kazakhstan,1,3,21,23,25,25,-,25,25,22,27,-,4,17,14,1,2,-,14,7,12,33,1,5,7,13,2,5,19,26,6,1,14,21,13,1,17,4,1,27,32
Men,2026,31,2026/6/28,3rd_Place,Final_Round,Amdavad,India,Bahrain,India,1,3,23,25,21,17,-,25,23,25,25,-,ALL,64,53,8,3,-,53,20,50,123,8,25,12,45,3,9,75,87,36,1,48,85,43,24,80,6,0,120,126
Men,2026,31,2026/6/28,3rd_Place,Final_Round,Amdavad,India,Bahrain,India,1,3,23,25,21,17,-,25,23,25,25,-,1,20,17,1,2,-,17,5,13,35,1,7,6,14,2,1,20,23,8,0,15,23,14,8,25,2,0,34,36
Men,2026,31,2026/6/28,3rd_Place,Final_Round,Amdavad,India,Bahrain,India,1,3,23,25,21,17,-,25,23,25,25,-,2,19,16,2,1,-,16,4,15,35,2,6,3,11,1,3,21,25,8,0,12,20,14,4,22,1,0,35,36
Men,2026,31,2026/6/28,3rd_Place,Final_Round,Amdavad,India,Bahrain,India,1,3,23,25,21,17,-,25,23,25,25,-,3,15,11,4,0,-,11,5,14,30,4,5,1,10,0,3,18,21,9,1,12,22,10,9,23,0,0,29,29
Men,2026,31,2026/6/28,3rd_Place,Final_Round,Amdavad,India,Bahrain,India,1,3,23,25,21,17,-,25,23,25,25,-,4,10,9,1,0,-,9,6,8,23,1,7,2,10,0,2,16,18,11,0,9,20,5,3,10,3,0,22,25
Men,2026,31,2026/6/28,3rd_Place,Final_Round,Amdavad,India,India,Bahrain,3,1,25,23,25,25,-,23,25,21,17,-,ALL,78,66,11,1,-,66,11,44,121,11,32,16,59,1,12,84,97,32,3,43,78,44,16,72,12,1,107,120
Men,2026,31,2026/6/28,3rd_Place,Final_Round,Amdavad,India,India,Bahrain,3,1,25,23,25,25,-,23,25,21,17,-,1,22,19,3,0,-,19,1,13,33,3,6,3,12,0,2,23,25,7,2,13,22,12,6,21,2,1,31,34
Men,2026,31,2026/6/28,3rd_Place,Final_Round,Amdavad,India,India,Bahrain,3,1,25,23,25,25,-,23,25,21,17,-,2,18,16,2,0,-,16,3,15,34,2,10,7,19,0,3,20,23,10,1,11,22,15,5,23,5,0,29,34
Men,2026,31,2026/6/28,3rd_Place,Final_Round,Amdavad,India,India,Bahrain,3,1,25,23,25,25,-,23,25,21,17,-,3,19,15,3,1,-,15,5,11,31,3,8,3,14,1,3,21,25,8,0,10,18,11,3,17,1,0,28,29
Men,2026,31,2026/6/28,3rd_Place,Final_Round,Amdavad,India,India,Bahrain,3,1,25,23,25,25,-,23,25,21,17,-,4,19,16,3,0,-,16,2,5,23,3,8,3,14,0,4,20,24,7,0,9,16,6,2,11,4,0,19,23
Men,2026,32,2026/6/28,Final,Final_Round,Amdavad,India,Korea,Indonesia,0,3,32,16,23,-,-,34,25,25,-,-,ALL,54,46,6,2,-,46,21,26,93,6,16,10,32,2,11,60,73,23,7,41,71,32,12,50,9,0,85,94
Men,2026,32,2026/6/28,Final,Final_Round,Amdavad,India,Korea,Indonesia,0,3,32,16,23,-,-,34,25,25,-,-,1,23,18,4,1,-,18,8,13,39,4,6,5,15,1,3,29,33,6,2,19,27,15,6,23,3,0,35,38
Men,2026,32,2026/6/28,Final,Final_Round,Amdavad,India,Korea,Indonesia,0,3,32,16,23,-,-,34,25,25,-,-,2,14,14,0,0,-,14,7,9,30,0,5,4,9,0,4,12,16,7,5,12,24,11,2,13,4,0,26,30
Men,2026,32,2026/6/28,Final,Final_Round,Amdavad,India,Korea,Indonesia,0,3,32,16,23,-,-,34,25,25,-,-,3,17,14,2,1,-,14,6,4,24,2,5,1,8,1,4,19,24,10,0,10,20,6,4,14,2,0,24,26
Men,2026,32,2026/6/28,Final,Final_Round,Amdavad,India,Indonesia,Korea,3,0,34,25,25,-,-,32,16,23,-,-,ALL,61,44,10,7,-,44,11,28,83,10,17,13,40,7,11,64,82,23,2,37,62,19,18,43,16,1,65,82
Men,2026,32,2026/6/28,Final,Final_Round,Amdavad,India,Indonesia,Korea,3,0,34,25,25,-,-,32,16,23,-,-,1,27,21,4,2,-,21,7,15,43,4,4,4,12,2,6,25,33,11,1,18,30,12,7,22,7,0,35,42
Men,2026,32,2026/6/28,Final,Final_Round,Amdavad,India,Indonesia,Korea,3,0,34,25,25,-,-,32,16,23,-,-,2,17,8,4,5,-,8,1,8,17,4,7,5,16,5,1,19,25,5,0,7,12,5,5,10,2,0,15,17
Men,2026,32,2026/6/28,Final,Final_Round,Amdavad,India,Indonesia,Korea,3,0,34,25,25,-,-,32,16,23,-,-,3,17,15,2,0,-,15,3,5,23,2,6,4,12,0,4,20,24,7,1,12,20,2,6,11,7,1,15,23
Women,2026,1,2026/6/6,B,Preliminary,"Candon City, Ilocos Sur",Philippines,Vietnam,Lebanon,3,0,25,25,25,-,-,3,15,14,-,-,ALL,52,40,4,8,-,40,5,34,79,4,6,6,16,8,3,62,73,10,4,19,33,53,5,72,29,0,55,84
Women,2026,1,2026/6/6,B,Preliminary,"Candon City, Ilocos Sur",Philippines,Vietnam,Lebanon,3,0,25,25,25,-,-,3,15,14,-,-,1,21,14,2,5,-,14,0,6,20,2,0,2,4,5,0,19,24,2,0,2,4,17,0,19,10,0,11,21
Women,2026,1,2026/6/6,B,Preliminary,"Candon City, Ilocos Sur",Philippines,Vietnam,Lebanon,3,0,25,25,25,-,-,3,15,14,-,-,2,14,11,1,2,-,11,1,15,27,1,3,1,5,2,2,21,25,4,2,9,15,18,3,28,8,0,24,32
Women,2026,1,2026/6/6,B,Preliminary,"Candon City, Ilocos Sur",Philippines,Vietnam,Lebanon,3,0,25,25,25,-,-,3,15,14,-,-,3,17,15,1,1,-,15,4,13,32,1,3,3,7,1,1,22,24,4,2,8,14,18,2,25,11,0,20,31
Women,2026,1,2026/6/6,B,Preliminary,"Candon City, Ilocos Sur",Philippines,Lebanon,Vietnam,0,3,3,15,14,-,-,25,25,25,-,-,ALL,23,18,1,4,-,18,19,51,88,1,5,12,18,4,1,29,34,12,8,50,70,30,17,64,9,4,80,93
Women,2026,1,2026/6/6,B,Preliminary,"Candon City, Ilocos Sur",Philippines,Lebanon,Vietnam,0,3,3,15,14,-,-,25,25,25,-,-,1,3,3,0,0,-,3,6,16,25,0,1,2,3,0,0,4,4,1,5,18,24,5,5,12,2,0,22,24
Women,2026,1,2026/6/6,B,Preliminary,"Candon City, Ilocos Sur",Philippines,Lebanon,Vietnam,0,3,3,15,14,-,-,25,25,25,-,-,2,11,9,0,2,-,9,7,13,29,0,2,4,6,2,0,13,15,7,2,14,23,13,6,29,3,3,28,34
Women,2026,1,2026/6/6,B,Preliminary,"Candon City, Ilocos Sur",Philippines,Lebanon,Vietnam,0,3,3,15,14,-,-,25,25,25,-,-,3,9,6,1,2,-,6,6,22,34,1,2,6,9,2,1,12,15,4,1,18,23,12,6,23,4,1,30,35
Women,2026,2,2026/6/6,B,Preliminary,"Candon City, Ilocos Sur",Philippines,Kazakhstan,"Hong Kong, China",3,1,20,25,25,25,-,25,17,16,13,-,ALL,69,48,12,9,-,48,17,66,131,12,11,28,51,9,12,73,94,25,8,33,66,79,9,110,14,1,118,133
Women,2026,2,2026/6/6,B,Preliminary,"Candon City, Ilocos Sur",Philippines,Kazakhstan,"Hong Kong, China",3,1,20,25,25,25,-,25,17,16,13,-,1,14,12,2,0,-,12,10,12,34,2,4,3,9,0,3,18,21,10,4,9,23,16,1,21,3,0,31,34
Women,2026,2,2026/6/6,B,Preliminary,"Candon City, Ilocos Sur",Philippines,Kazakhstan,"Hong Kong, China",3,1,20,25,25,25,-,25,17,16,13,-,2,18,11,4,3,-,11,3,19,33,4,4,8,16,3,3,18,24,6,1,10,17,18,3,26,5,0,27,32
Women,2026,2,2026/6/6,B,Preliminary,"Candon City, Ilocos Sur",Philippines,Kazakhstan,"Hong Kong, China",3,1,20,25,25,25,-,25,17,16,13,-,3,20,14,5,1,-,14,1,17,32,5,2,9,16,1,4,20,25,3,3,8,14,23,1,31,2,0,32,34
Women,2026,2,2026/6/6,B,Preliminary,"Candon City, Ilocos Sur",Philippines,Kazakhstan,"Hong Kong, China",3,1,20,25,25,25,-,25,17,16,13,-,4,17,11,1,5,-,11,3,18,32,1,1,8,10,5,2,17,24,6,0,6,12,22,4,32,4,1,28,33
Women,2026,2,2026/6/6,B,Preliminary,"Candon City, Ilocos Sur",Philippines,"Hong Kong, China",Kazakhstan,1,3,25,17,16,13,-,20,25,25,25,-,ALL,47,31,8,8,-,31,27,92,150,8,12,19,39,8,6,58,72,15,9,58,82,78,18,121,20,2,134,156
Women,2026,2,2026/6/6,B,Preliminary,"Candon City, Ilocos Sur",Philippines,"Hong Kong, China",Kazakhstan,1,3,25,17,16,13,-,20,25,25,25,-,1,17,8,5,4,-,8,6,15,29,5,2,4,11,4,1,19,24,4,0,14,18,12,3,17,5,0,24,29
Women,2026,2,2026/6/6,B,Preliminary,"Candon City, Ilocos Sur",Philippines,"Hong Kong, China",Kazakhstan,1,3,25,17,16,13,-,20,25,25,25,-,2,9,8,0,1,-,8,7,24,39,0,4,5,9,1,1,16,18,3,3,15,21,22,6,33,5,1,34,40
Women,2026,2,2026/6/6,B,Preliminary,"Candon City, Ilocos Sur",Philippines,"Hong Kong, China",Kazakhstan,1,3,25,17,16,13,-,20,25,25,25,-,3,12,8,1,3,-,8,7,32,47,1,2,4,7,3,2,11,16,5,1,15,21,25,8,41,6,1,42,49
Women,2026,2,2026/6/6,B,Preliminary,"Candon City, Ilocos Sur",Philippines,"Hong Kong, China",Kazakhstan,1,3,25,17,16,13,-,20,25,25,25,-,4,9,7,2,0,-,7,7,21,35,2,4,6,12,0,2,12,14,3,5,14,22,19,1,30,4,0,34,38
Women,2026,3,2026/6/6,A,Preliminary,"Candon City, Ilocos Sur",Philippines,Philippines,Uzbekistan,3,0,25,25,25,-,-,16,12,14,-,-,ALL,60,47,7,6,-,47,9,44,100,7,11,15,33,6,4,64,74,11,2,26,39,59,7,73,0,1,96,97
Women,2026,3,2026/6/6,A,Preliminary,"Candon City, Ilocos Sur",Philippines,Philippines,Uzbekistan,3,0,25,25,25,-,-,16,12,14,-,-,1,21,18,2,1,-,18,4,16,38,2,4,6,12,1,1,23,25,4,1,10,15,25,4,32,0,1,38,39
Women,2026,3,2026/6/6,A,Preliminary,"Candon City, Ilocos Sur",Philippines,Philippines,Uzbekistan,3,0,25,25,25,-,-,16,12,14,-,-,2,21,14,4,3,-,14,1,17,32,4,4,4,12,3,0,21,24,3,1,8,12,21,2,25,0,0,32,32
Women,2026,3,2026/6/6,A,Preliminary,"Candon City, Ilocos Sur",Philippines,Philippines,Uzbekistan,3,0,25,25,25,-,-,16,12,14,-,-,3,18,15,1,2,-,15,4,11,30,1,3,5,9,2,3,20,25,4,0,8,12,13,1,16,0,0,26,26
Women,2026,3,2026/6/6,A,Preliminary,"Candon City, Ilocos Sur",Philippines,Uzbekistan,Philippines,0,3,16,12,14,-,-,25,25,25,-,-,ALL,33,26,5,2,-,26,15,62,103,5,19,15,39,2,4,37,43,15,6,49,70,39,12,60,0,0,96,96
Women,2026,3,2026/6/6,A,Preliminary,"Candon City, Ilocos Sur",Philippines,Uzbekistan,Philippines,0,3,16,12,14,-,-,25,25,25,-,-,1,13,9,3,1,-,9,4,25,38,3,7,5,15,1,1,14,16,5,1,18,24,14,7,24,0,0,36,36
Women,2026,3,2026/6/6,A,Preliminary,"Candon City, Ilocos Sur",Philippines,Uzbekistan,Philippines,0,3,16,12,14,-,-,25,25,25,-,-,2,11,10,0,1,-,10,6,21,37,0,3,8,11,1,1,11,13,2,3,19,24,16,3,20,0,0,35,35
Women,2026,3,2026/6/6,A,Preliminary,"Candon City, Ilocos Sur",Philippines,Uzbekistan,Philippines,0,3,16,12,14,-,-,25,25,25,-,-,3,9,7,2,0,-,7,5,16,28,2,9,2,13,0,2,12,14,8,2,12,22,9,2,16,0,0,25,25
Women,2026,4,2026/6/6,B,Preliminary,"Candon City, Ilocos Sur",Philippines,Iran,Indonesia,1,3,15,25,21,22,-,25,21,25,25,-,ALL,61,45,13,3,-,45,17,73,135,13,21,28,62,3,6,75,84,22,7,58,87,53,15,87,0,1,129,130
Women,2026,4,2026/6/6,B,Preliminary,"Candon City, Ilocos Sur",Philippines,Iran,Indonesia,1,3,15,25,21,22,-,25,21,25,25,-,1,8,7,1,0,-,7,6,16,29,1,7,4,12,0,2,14,16,4,1,16,21,9,3,17,0,0,30,30
Women,2026,4,2026/6/6,B,Preliminary,"Candon City, Ilocos Sur",Philippines,Iran,Indonesia,1,3,15,25,21,22,-,25,21,25,25,-,2,21,17,2,2,-,17,1,15,33,2,7,8,17,2,2,20,24,9,2,10,21,13,2,19,0,1,33,34
Women,2026,4,2026/6/6,B,Preliminary,"Candon City, Ilocos Sur",Philippines,Iran,Indonesia,1,3,15,25,21,22,-,25,21,25,25,-,3,15,11,3,1,-,11,6,23,40,3,4,9,16,1,2,19,22,3,2,16,21,21,2,27,0,0,37,37
Women,2026,4,2026/6/6,B,Preliminary,"Candon City, Ilocos Sur",Philippines,Iran,Indonesia,1,3,15,25,21,22,-,25,21,25,25,-,4,17,10,7,0,-,10,4,19,33,7,3,7,17,0,0,22,22,6,2,16,24,10,8,24,0,0,29,29
Women,2026,4,2026/6/6,B,Preliminary,"Candon City, Ilocos Sur",Philippines,Indonesia,Iran,3,1,25,21,25,25,-,15,25,21,22,-,ALL,75,63,4,8,-,63,28,64,155,4,18,22,44,8,7,80,95,41,3,34,78,61,12,101,0,0,140,140
Women,2026,4,2026/6/6,B,Preliminary,"Candon City, Ilocos Sur",Philippines,Indonesia,Iran,3,1,25,21,25,25,-,15,25,21,22,-,1,18,16,1,1,-,16,5,10,31,1,3,6,10,1,3,20,24,6,0,8,14,11,2,21,0,0,30,30
Women,2026,4,2026/6/6,B,Preliminary,"Candon City, Ilocos Sur",Philippines,Indonesia,Iran,3,1,25,21,25,25,-,15,25,21,22,-,2,17,15,0,2,-,15,5,16,36,0,5,4,9,2,1,19,22,12,2,8,22,13,5,25,0,0,32,32
Women,2026,4,2026/6/6,B,Preliminary,"Candon City, Ilocos Sur",Philippines,Indonesia,Iran,3,1,25,21,25,25,-,15,25,21,22,-,3,19,15,2,2,-,15,6,23,44,2,7,9,18,2,3,19,24,10,1,9,20,20,3,30,0,0,38,38
Women,2026,4,2026/6/6,B,Preliminary,"Candon City, Ilocos Sur",Philippines,Indonesia,Iran,3,1,25,21,25,25,-,15,25,21,22,-,4,21,17,1,3,-,17,12,15,44,1,3,3,7,3,0,22,25,13,0,9,22,17,2,25,0,0,40,40
Women,2026,5,2026/6/6,A,Preliminary,"Candon City, Ilocos Sur",Philippines,Korea,Kyrgyzstan,3,0,25,25,25,-,-,7,5,7,-,-,ALL,62,42,4,16,-,42,4,19,65,4,6,10,20,16,3,55,74,10,0,10,20,40,1,50,12,0,54,66
Women,2026,5,2026/6/6,A,Preliminary,"Candon City, Ilocos Sur",Philippines,Korea,Kyrgyzstan,3,0,25,25,25,-,-,7,5,7,-,-,1,22,16,1,5,-,16,2,7,25,1,2,2,5,5,0,20,25,3,0,4,7,13,1,19,6,0,19,25
Women,2026,5,2026/6/6,A,Preliminary,"Candon City, Ilocos Sur",Philippines,Korea,Kyrgyzstan,3,0,25,25,25,-,-,7,5,7,-,-,2,20,14,3,3,-,14,1,4,19,3,2,3,8,3,1,20,24,4,0,2,6,12,0,14,5,0,13,18
Women,2026,5,2026/6/6,A,Preliminary,"Candon City, Ilocos Sur",Philippines,Korea,Kyrgyzstan,3,0,25,25,25,-,-,7,5,7,-,-,3,20,12,0,8,-,12,1,8,21,0,2,5,7,8,2,15,25,3,0,4,7,15,0,17,1,0,22,23
Women,2026,5,2026/6/6,A,Preliminary,"Candon City, Ilocos Sur",Philippines,Kyrgyzstan,Korea,0,3,7,5,7,-,-,25,25,25,-,-,ALL,13,12,1,0,-,12,12,38,62,1,13,8,22,0,0,20,20,16,16,39,71,14,17,43,6,2,59,67
Women,2026,5,2026/6/6,A,Preliminary,"Candon City, Ilocos Sur",Philippines,Kyrgyzstan,Korea,0,3,7,5,7,-,-,25,25,25,-,-,1,6,5,1,0,-,5,3,12,20,1,3,4,8,0,0,7,7,4,5,16,25,5,9,20,0,1,23,24
Women,2026,5,2026/6/6,A,Preliminary,"Candon City, Ilocos Sur",Philippines,Kyrgyzstan,Korea,0,3,7,5,7,-,-,25,25,25,-,-,2,3,3,0,0,-,3,6,11,20,0,4,1,5,0,0,6,6,8,3,12,23,2,4,9,4,0,17,21
Women,2026,5,2026/6/6,A,Preliminary,"Candon City, Ilocos Sur",Philippines,Kyrgyzstan,Korea,0,3,7,5,7,-,-,25,25,25,-,-,3,4,4,0,0,-,4,3,15,22,0,6,3,9,0,0,7,7,4,8,11,23,7,4,14,2,1,19,22
Women,2026,6,2026/6/7,B,Preliminary,"Candon City, Ilocos Sur",Philippines,Vietnam,"Hong Kong, China",3,0,25,25,25,-,-,9,18,11,-,-,ALL,50,40,6,4,-,40,10,37,87,6,11,20,37,4,3,67,74,12,2,20,34,41,6,64,12,1,73,86
Women,2026,6,2026/6/7,B,Preliminary,"Candon City, Ilocos Sur",Philippines,Vietnam,"Hong Kong, China",3,0,25,25,25,-,-,9,18,11,-,-,1,15,11,3,1,-,11,2,15,28,3,1,7,11,1,0,24,25,2,0,4,6,17,3,28,0,1,27,28
Women,2026,6,2026/6/7,B,Preliminary,"Candon City, Ilocos Sur",Philippines,Vietnam,"Hong Kong, China",3,0,25,25,25,-,-,9,18,11,-,-,2,16,14,1,1,-,14,6,14,34,1,7,8,16,1,0,23,24,5,1,11,17,12,2,20,6,0,28,34
Women,2026,6,2026/6/7,B,Preliminary,"Candon City, Ilocos Sur",Philippines,Vietnam,"Hong Kong, China",3,0,25,25,25,-,-,9,18,11,-,-,3,19,15,2,2,-,15,2,8,25,2,3,5,10,2,3,20,25,5,1,5,11,12,1,16,6,0,18,24
Women,2026,6,2026/6/7,B,Preliminary,"Candon City, Ilocos Sur",Philippines,"Hong Kong, China",Vietnam,0,3,9,18,11,-,-,25,25,25,-,-,ALL,28,22,4,2,-,22,22,55,99,4,8,5,17,2,5,32,39,26,4,41,71,28,8,54,3,4,102,109
Women,2026,6,2026/6/7,B,Preliminary,"Candon City, Ilocos Sur",Philippines,"Hong Kong, China",Vietnam,0,3,9,18,11,-,-,25,25,25,-,-,1,7,6,1,0,-,6,9,25,40,1,3,2,6,0,3,6,9,9,1,15,25,10,4,22,0,1,41,42
Women,2026,6,2026/6/7,B,Preliminary,"Candon City, Ilocos Sur",Philippines,"Hong Kong, China",Vietnam,0,3,9,18,11,-,-,25,25,25,-,-,2,14,11,2,1,-,11,7,17,35,2,2,2,6,1,2,16,19,6,1,17,24,10,4,22,2,1,36,39
Women,2026,6,2026/6/7,B,Preliminary,"Candon City, Ilocos Sur",Philippines,"Hong Kong, China",Vietnam,0,3,9,18,11,-,-,25,25,25,-,-,3,7,5,1,1,-,5,6,13,24,1,3,1,5,1,0,10,11,11,2,9,22,8,0,10,1,2,25,28
Women,2026,7,2026/6/7,A,Preliminary,"Candon City, Ilocos Sur",Philippines,Chinese Taipei,Kyrgyzstan,3,0,25,25,25,-,-,14,11,17,-,-,ALL,57,44,5,8,-,44,9,37,90,5,10,21,36,8,11,55,74,18,2,18,38,50,5,71,13,0,77,90
Women,2026,7,2026/6/7,A,Preliminary,"Candon City, Ilocos Sur",Philippines,Chinese Taipei,Kyrgyzstan,3,0,25,25,25,-,-,14,11,17,-,-,1,19,17,0,2,-,17,3,14,34,0,3,6,9,2,3,20,25,8,0,6,14,20,1,24,4,0,28,32
Women,2026,7,2026/6/7,A,Preliminary,"Candon City, Ilocos Sur",Philippines,Chinese Taipei,Kyrgyzstan,3,0,25,25,25,-,-,14,11,17,-,-,2,19,15,1,3,-,15,3,14,32,1,4,12,17,3,2,19,24,5,0,6,11,21,2,29,4,0,30,34
Women,2026,7,2026/6/7,A,Preliminary,"Candon City, Ilocos Sur",Philippines,Chinese Taipei,Kyrgyzstan,3,0,25,25,25,-,-,14,11,17,-,-,3,19,12,4,3,-,12,3,9,24,4,3,3,10,3,6,16,25,5,2,6,13,9,2,18,5,0,19,24
Women,2026,7,2026/6/7,A,Preliminary,"Candon City, Ilocos Sur",Philippines,Kyrgyzstan,Chinese Taipei,0,3,14,11,17,-,-,25,25,25,-,-,ALL,22,18,2,2,-,18,13,45,76,2,13,14,29,2,5,36,43,8,8,47,63,24,17,66,0,1,81,82
Women,2026,7,2026/6/7,A,Preliminary,"Candon City, Ilocos Sur",Philippines,Kyrgyzstan,Chinese Taipei,0,3,14,11,17,-,-,25,25,25,-,-,1,8,7,1,0,-,7,3,17,27,1,5,8,14,0,0,14,14,3,2,17,22,8,7,22,0,1,26,27
Women,2026,7,2026/6/7,A,Preliminary,"Candon City, Ilocos Sur",Philippines,Kyrgyzstan,Chinese Taipei,0,3,14,11,17,-,-,25,25,25,-,-,2,6,5,1,0,-,5,5,18,28,1,3,3,7,0,1,11,12,3,3,16,22,8,6,26,0,0,32,32
Women,2026,7,2026/6/7,A,Preliminary,"Candon City, Ilocos Sur",Philippines,Kyrgyzstan,Chinese Taipei,0,3,14,11,17,-,-,25,25,25,-,-,3,8,6,0,2,-,6,5,10,21,0,5,3,8,2,4,11,17,2,3,14,19,8,4,18,0,0,23,23
Women,2026,8,2026/6/7,A,Preliminary,"Candon City, Ilocos Sur",Philippines,Philippines,Australia,2,3,22,25,25,15,11,25,23,18,25,15,ALL,68,56,5,7,-,56,24,77,157,5,19,20,44,7,12,80,99,28,7,56,91,69,29,134,15,3,151,169
Women,2026,8,2026/6/7,A,Preliminary,"Candon City, Ilocos Sur",Philippines,Philippines,Australia,2,3,22,25,25,15,11,25,23,18,25,15,1,14,10,4,0,-,10,8,22,40,4,4,7,15,0,1,22,23,10,0,9,19,17,6,31,6,1,33,40
Women,2026,8,2026/6/7,A,Preliminary,"Candon City, Ilocos Sur",Philippines,Philippines,Australia,2,3,22,25,25,15,11,25,23,18,25,15,2,19,17,0,2,-,17,4,19,40,0,4,4,8,2,2,20,24,8,3,11,22,19,6,30,4,2,36,42
Women,2026,8,2026/6/7,A,Preliminary,"Candon City, Ilocos Sur",Philippines,Philippines,Australia,2,3,22,25,25,15,11,25,23,18,25,15,3,15,10,1,4,-,10,3,12,25,1,2,3,6,4,3,18,25,4,1,8,13,10,8,26,1,0,26,27
Women,2026,8,2026/6/7,A,Preliminary,"Candon City, Ilocos Sur",Philippines,Philippines,Australia,2,3,22,25,25,15,11,25,23,18,25,15,4,12,11,0,1,-,11,7,19,37,0,5,6,11,1,4,10,15,6,2,16,24,16,3,29,4,0,37,41
Women,2026,8,2026/6/7,A,Preliminary,"Candon City, Ilocos Sur",Philippines,Philippines,Australia,2,3,22,25,25,15,11,25,23,18,25,15,5,8,8,0,0,-,8,2,5,15,0,4,0,4,0,2,10,12,0,1,12,13,7,6,18,0,0,19,19
Women,2026,8,2026/6/7,A,Preliminary,"Candon City, Ilocos Sur",Philippines,Australia,Philippines,3,2,25,23,18,25,15,22,25,25,15,11,ALL,80,57,16,7,-,57,15,61,133,16,27,32,75,7,14,84,105,26,7,54,87,55,15,106,25,2,117,144
Women,2026,8,2026/6/7,A,Preliminary,"Candon City, Ilocos Sur",Philippines,Australia,Philippines,3,2,25,23,18,25,15,22,25,25,15,11,1,19,14,5,0,-,14,5,14,33,5,5,8,18,0,5,19,24,7,0,15,22,14,3,26,7,0,29,36
Women,2026,8,2026/6/7,A,Preliminary,"Candon City, Ilocos Sur",Philippines,Australia,Philippines,3,2,25,23,18,25,15,22,25,25,15,11,2,17,12,2,3,-,12,2,14,28,2,7,8,17,3,2,19,24,7,2,13,22,13,8,27,5,1,26,32
Women,2026,8,2026/6/7,A,Preliminary,"Candon City, Ilocos Sur",Philippines,Australia,Philippines,3,2,25,23,18,25,15,22,25,25,15,11,3,13,10,2,1,-,10,5,13,28,2,5,4,11,1,5,12,18,5,4,13,22,9,1,16,4,1,25,30
Women,2026,8,2026/6/7,A,Preliminary,"Candon City, Ilocos Sur",Philippines,Australia,Philippines,3,2,25,23,18,25,15,22,25,25,15,11,4,20,12,6,2,-,12,1,14,27,6,5,9,20,2,1,22,25,1,1,9,11,15,3,28,5,0,23,28
Women,2026,8,2026/6/7,A,Preliminary,"Candon City, Ilocos Sur",Philippines,Australia,Philippines,3,2,25,23,18,25,15,22,25,25,15,11,5,11,9,1,1,-,9,2,6,17,1,5,3,9,1,1,12,14,6,0,4,10,4,0,9,4,0,14,18
Women,2026,9,2026/6/7,B,Preliminary,"Candon City, Ilocos Sur",Philippines,Kazakhstan,Indonesia,3,0,25,25,25,-,-,19,19,19,-,-,ALL,59,39,12,8,-,39,12,37,88,12,18,11,41,8,9,57,74,14,1,35,50,30,6,51,16,0,64,80
Women,2026,9,2026/6/7,B,Preliminary,"Candon City, Ilocos Sur",Philippines,Kazakhstan,Indonesia,3,0,25,25,25,-,-,19,19,19,-,-,1,17,10,3,4,-,10,3,17,30,3,8,3,14,4,2,19,25,4,1,11,16,12,3,20,5,0,24,29
Women,2026,9,2026/6/7,B,Preliminary,"Candon City, Ilocos Sur",Philippines,Kazakhstan,Indonesia,3,0,25,25,25,-,-,19,19,19,-,-,2,19,15,3,1,-,15,5,14,34,3,3,3,9,1,4,19,24,4,0,13,17,16,2,24,3,0,28,31
Women,2026,9,2026/6/7,B,Preliminary,"Candon City, Ilocos Sur",Philippines,Kazakhstan,Indonesia,3,0,25,25,25,-,-,19,19,19,-,-,3,23,14,6,3,-,14,4,6,24,6,7,5,18,3,3,19,25,6,0,11,17,2,1,7,8,0,12,20
Women,2026,9,2026/6/7,B,Preliminary,"Candon City, Ilocos Sur",Philippines,Indonesia,Kazakhstan,0,3,19,19,19,-,-,25,25,25,-,-,ALL,35,31,3,1,-,31,19,38,88,3,12,11,26,1,8,49,58,16,8,41,65,39,17,75,13,0,85,98
Women,2026,9,2026/6/7,B,Preliminary,"Candon City, Ilocos Sur",Philippines,Indonesia,Kazakhstan,0,3,19,19,19,-,-,25,25,25,-,-,1,14,12,1,1,-,12,7,13,32,1,2,4,7,1,3,15,19,6,4,13,23,16,4,27,5,0,30,35
Women,2026,9,2026/6/7,B,Preliminary,"Candon City, Ilocos Sur",Philippines,Indonesia,Kazakhstan,0,3,19,19,19,-,-,25,25,25,-,-,2,9,9,0,0,-,9,6,17,32,0,6,6,12,0,3,17,20,5,1,14,20,15,6,26,4,0,31,35
Women,2026,9,2026/6/7,B,Preliminary,"Candon City, Ilocos Sur",Philippines,Indonesia,Kazakhstan,0,3,19,19,19,-,-,25,25,25,-,-,3,12,10,2,0,-,10,6,8,24,2,4,1,7,0,2,17,19,5,3,14,22,8,7,22,4,0,24,28
Women,2026,10,2026/6/7,A,Preliminary,"Candon City, Ilocos Sur",Philippines,Uzbekistan,Korea,0,3,11,14,15,-,-,25,25,25,-,-,ALL,25,22,2,1,-,22,13,41,76,2,11,9,22,1,5,36,42,14,11,42,67,29,17,54,7,2,75,84
Women,2026,10,2026/6/7,A,Preliminary,"Candon City, Ilocos Sur",Philippines,Uzbekistan,Korea,0,3,11,14,15,-,-,25,25,25,-,-,1,8,8,0,0,-,8,4,11,23,0,4,1,5,0,0,12,12,5,5,12,22,9,4,17,2,1,23,26
Women,2026,10,2026/6/7,A,Preliminary,"Candon City, Ilocos Sur",Philippines,Uzbekistan,Korea,0,3,11,14,15,-,-,25,25,25,-,-,2,9,8,0,1,-,8,4,11,23,0,2,0,2,1,1,12,14,3,3,16,22,8,8,18,2,1,23,26
Women,2026,10,2026/6/7,A,Preliminary,"Candon City, Ilocos Sur",Philippines,Uzbekistan,Korea,0,3,11,14,15,-,-,25,25,25,-,-,3,8,6,2,0,-,6,5,19,30,2,5,8,15,0,4,12,16,6,3,14,23,12,5,19,3,0,29,32
Women,2026,10,2026/6/7,A,Preliminary,"Candon City, Ilocos Sur",Philippines,Korea,Uzbekistan,3,0,25,25,25,-,-,11,14,15,-,-,ALL,58,42,5,11,-,42,8,32,82,5,13,10,28,11,5,57,73,15,1,21,37,47,6,60,13,1,72,86
Women,2026,10,2026/6/7,A,Preliminary,"Candon City, Ilocos Sur",Philippines,Korea,Uzbekistan,3,0,25,25,25,-,-,11,14,15,-,-,1,20,14,1,5,-,14,1,8,23,1,3,4,8,5,1,18,24,5,0,7,12,11,1,17,6,1,19,26
Women,2026,10,2026/6/7,A,Preliminary,"Candon City, Ilocos Sur",Philippines,Korea,Uzbekistan,3,0,25,25,25,-,-,11,14,15,-,-,2,20,15,2,3,-,15,1,8,24,2,6,3,11,3,3,19,25,7,1,5,13,11,2,13,4,0,19,23
Women,2026,10,2026/6/7,A,Preliminary,"Candon City, Ilocos Sur",Philippines,Korea,Uzbekistan,3,0,25,25,25,-,-,11,14,15,-,-,3,18,13,2,3,-,13,6,16,35,2,4,3,9,3,1,20,24,3,0,9,12,25,3,30,3,0,34,37
Women,2026,11,2026/6/8,B,Preliminary,"Candon City, Ilocos Sur",Philippines,Lebanon,"Hong Kong, China",0,3,20,8,13,-,-,25,25,25,-,-,ALL,28,23,5,0,-,23,16,57,96,5,11,9,25,0,6,37,43,9,5,52,66,45,18,84,12,5,86,103
Women,2026,11,2026/6/8,B,Preliminary,"Candon City, Ilocos Sur",Philippines,Lebanon,"Hong Kong, China",0,3,20,8,13,-,-,25,25,25,-,-,1,14,13,1,0,-,13,3,25,41,1,5,5,11,0,4,17,21,2,0,20,22,19,7,35,4,1,36,41
Women,2026,11,2026/6/8,B,Preliminary,"Candon City, Ilocos Sur",Philippines,Lebanon,"Hong Kong, China",0,3,20,8,13,-,-,25,25,25,-,-,2,6,4,2,0,-,4,5,17,26,2,2,1,5,0,2,6,8,3,3,17,23,9,5,19,4,2,22,28
Women,2026,11,2026/6/8,B,Preliminary,"Candon City, Ilocos Sur",Philippines,Lebanon,"Hong Kong, China",0,3,20,8,13,-,-,25,25,25,-,-,3,8,6,2,0,-,6,8,15,29,2,4,3,9,0,0,14,14,4,2,15,21,17,6,30,4,2,28,34
Women,2026,11,2026/6/8,B,Preliminary,"Candon City, Ilocos Sur",Philippines,"Hong Kong, China",Lebanon,3,0,25,25,25,-,-,20,8,13,-,-,ALL,48,41,2,5,-,41,10,42,93,2,5,17,24,5,7,61,73,8,0,29,37,59,6,85,18,1,83,102
Women,2026,11,2026/6/8,B,Preliminary,"Candon City, Ilocos Sur",Philippines,"Hong Kong, China",Lebanon,3,0,25,25,25,-,-,20,8,13,-,-,1,15,15,0,0,-,15,4,17,36,0,5,7,12,0,2,22,24,3,0,14,17,25,3,40,7,1,37,45
Women,2026,11,2026/6/8,B,Preliminary,"Candon City, Ilocos Sur",Philippines,"Hong Kong, China",Lebanon,3,0,25,25,25,-,-,20,8,13,-,-,2,17,13,1,3,-,13,2,9,24,1,0,6,7,3,2,20,25,1,0,5,6,17,1,22,6,0,19,25
Women,2026,11,2026/6/8,B,Preliminary,"Candon City, Ilocos Sur",Philippines,"Hong Kong, China",Lebanon,3,0,25,25,25,-,-,20,8,13,-,-,3,16,13,1,2,-,13,4,16,33,1,0,4,5,2,3,19,24,4,0,10,14,17,2,23,5,0,27,32
Women,2026,12,2026/6/8,B,Preliminary,"Candon City, Ilocos Sur",Philippines,Kazakhstan,Iran,3,1,13,25,25,25,-,25,20,14,19,-,ALL,64,52,11,1,-,52,21,60,133,11,12,32,55,1,10,76,87,22,7,46,75,64,17,102,18,1,110,129
Women,2026,12,2026/6/8,B,Preliminary,"Candon City, Ilocos Sur",Philippines,Kazakhstan,Iran,3,1,13,25,25,25,-,25,20,14,19,-,1,9,8,1,0,-,8,7,10,25,1,4,2,7,0,3,10,13,5,4,14,23,8,3,14,5,0,19,24
Women,2026,12,2026/6/8,B,Preliminary,"Candon City, Ilocos Sur",Philippines,Kazakhstan,Iran,3,1,13,25,25,25,-,25,20,14,19,-,2,20,17,3,0,-,17,5,16,38,3,3,14,20,0,3,22,25,8,1,9,18,19,4,28,6,0,31,37
Women,2026,12,2026/6/8,B,Preliminary,"Candon City, Ilocos Sur",Philippines,Kazakhstan,Iran,3,1,13,25,25,25,-,25,20,14,19,-,3,18,12,6,0,-,12,4,14,30,6,2,7,15,0,1,23,24,3,1,11,15,19,4,31,4,0,28,32
Women,2026,12,2026/6/8,B,Preliminary,"Candon City, Ilocos Sur",Philippines,Kazakhstan,Iran,3,1,13,25,25,25,-,25,20,14,19,-,4,17,15,1,1,-,15,5,20,40,1,3,9,13,1,3,21,25,6,1,12,19,18,6,29,3,1,32,36
Women,2026,12,2026/6/8,B,Preliminary,"Candon City, Ilocos Sur",Philippines,Iran,Kazakhstan,1,3,25,20,14,19,-,13,25,25,25,-,ALL,52,39,6,7,-,39,26,69,134,6,17,15,38,7,4,68,79,23,1,53,77,68,22,112,21,0,122,143
Women,2026,12,2026/6/8,B,Preliminary,"Candon City, Ilocos Sur",Philippines,Iran,Kazakhstan,1,3,25,20,14,19,-,13,25,25,25,-,1,16,11,1,4,-,11,2,7,20,1,2,2,5,4,2,19,25,2,0,8,10,12,4,19,4,0,17,21
Women,2026,12,2026/6/8,B,Preliminary,"Candon City, Ilocos Sur",Philippines,Iran,Kazakhstan,1,3,25,20,14,19,-,13,25,25,25,-,2,14,11,2,1,-,11,5,24,40,2,5,3,10,1,2,17,20,7,0,15,22,20,4,31,7,0,35,42
Women,2026,12,2026/6/8,B,Preliminary,"Candon City, Ilocos Sur",Philippines,Iran,Kazakhstan,1,3,25,20,14,19,-,13,25,25,25,-,3,10,8,1,1,-,8,12,19,39,1,3,6,10,1,0,14,15,7,0,16,23,17,6,30,5,0,36,41
Women,2026,12,2026/6/8,B,Preliminary,"Candon City, Ilocos Sur",Philippines,Iran,Kazakhstan,1,3,25,20,14,19,-,13,25,25,25,-,4,12,9,2,1,-,9,7,19,35,2,7,4,13,1,0,18,19,7,1,14,22,19,8,32,5,0,34,39
Women,2026,13,2026/6/8,A,Preliminary,"Candon City, Ilocos Sur",Philippines,Philippines,Kyrgyzstan,3,0,25,25,25,-,-,9,11,17,-,-,ALL,58,48,4,6,-,48,12,31,91,4,4,8,16,6,11,57,74,12,2,19,33,48,3,68,12,0,75,87
Women,2026,13,2026/6/8,A,Preliminary,"Candon City, Ilocos Sur",Philippines,Philippines,Kyrgyzstan,3,0,25,25,25,-,-,9,11,17,-,-,1,22,17,2,3,-,17,3,8,28,2,1,2,5,3,5,17,25,2,0,6,8,17,0,23,5,0,22,27
Women,2026,13,2026/6/8,A,Preliminary,"Candon City, Ilocos Sur",Philippines,Philippines,Kyrgyzstan,3,0,25,25,25,-,-,9,11,17,-,-,2,17,14,1,2,-,14,3,11,28,1,2,4,7,2,1,21,24,4,0,6,10,16,2,21,4,0,24,28
Women,2026,13,2026/6/8,A,Preliminary,"Candon City, Ilocos Sur",Philippines,Philippines,Kyrgyzstan,3,0,25,25,25,-,-,9,11,17,-,-,3,19,17,1,1,-,17,6,12,35,1,1,2,4,1,5,19,25,6,2,7,15,15,1,24,3,0,29,32
Women,2026,13,2026/6/8,A,Preliminary,"Candon City, Ilocos Sur",Philippines,Kyrgyzstan,Philippines,0,3,9,11,17,-,-,25,25,25,-,-,ALL,20,12,6,2,-,12,14,42,68,6,8,11,25,2,5,31,38,8,6,49,63,25,20,67,7,0,74,81
Women,2026,13,2026/6/8,A,Preliminary,"Candon City, Ilocos Sur",Philippines,Kyrgyzstan,Philippines,0,3,9,11,17,-,-,25,25,25,-,-,1,1,1,0,0,-,1,4,11,16,0,2,6,8,0,1,8,9,2,3,15,20,4,6,20,2,0,19,21
Women,2026,13,2026/6/8,A,Preliminary,"Candon City, Ilocos Sur",Philippines,Kyrgyzstan,Philippines,0,3,9,11,17,-,-,25,25,25,-,-,2,8,7,1,0,-,7,5,19,31,1,1,3,5,0,2,10,12,4,2,17,23,10,8,19,4,0,27,31
Women,2026,13,2026/6/8,A,Preliminary,"Candon City, Ilocos Sur",Philippines,Kyrgyzstan,Philippines,0,3,9,11,17,-,-,25,25,25,-,-,3,11,4,5,2,-,4,5,12,21,5,5,2,12,2,2,13,17,2,1,17,20,11,6,28,1,0,28,29
Women,2026,14,2026/6/8,B,Preliminary,"Candon City, Ilocos Sur",Philippines,Vietnam,Indonesia,3,2,18,25,25,19,15,25,22,18,25,13,ALL,78,67,9,2,-,67,23,84,174,9,25,31,65,2,10,90,102,31,2,60,93,30,22,114,34,0,144,178
Women,2026,14,2026/6/8,B,Preliminary,"Candon City, Ilocos Sur",Philippines,Vietnam,Indonesia,3,2,18,25,25,19,15,25,22,18,25,13,1,11,9,1,1,-,9,7,18,34,1,6,3,10,1,0,18,19,8,1,11,20,6,4,22,4,0,32,36
Women,2026,14,2026/6/8,B,Preliminary,"Candon City, Ilocos Sur",Philippines,Vietnam,Indonesia,3,2,18,25,25,19,15,25,22,18,25,13,2,20,17,3,0,-,17,5,18,40,3,6,5,14,0,2,22,24,4,0,17,21,10,5,24,11,0,29,40
Women,2026,14,2026/6/8,B,Preliminary,"Candon City, Ilocos Sur",Philippines,Vietnam,Indonesia,3,2,18,25,25,19,15,25,22,18,25,13,3,23,20,2,1,-,20,4,17,41,2,6,6,14,1,1,23,25,5,0,13,18,5,5,25,7,0,29,36
Women,2026,14,2026/6/8,B,Preliminary,"Candon City, Ilocos Sur",Philippines,Vietnam,Indonesia,3,2,18,25,25,19,15,25,22,18,25,13,4,13,12,1,0,-,12,7,20,39,1,4,10,15,0,5,14,19,12,0,10,22,6,3,24,8,0,34,42
Women,2026,14,2026/6/8,B,Preliminary,"Candon City, Ilocos Sur",Philippines,Vietnam,Indonesia,3,2,18,25,25,19,15,25,22,18,25,13,5,11,9,2,0,-,9,0,11,20,2,3,7,12,0,2,13,15,2,1,9,12,3,5,19,4,0,20,24
Women,2026,14,2026/6/8,B,Preliminary,"Candon City, Ilocos Sur",Philippines,Indonesia,Vietnam,2,3,25,22,18,25,13,18,25,25,19,15,ALL,78,67,9,2,-,67,20,87,174,9,20,19,48,2,10,91,103,31,1,59,91,34,18,119,24,1,153,178
Women,2026,14,2026/6/8,B,Preliminary,"Candon City, Ilocos Sur",Philippines,Indonesia,Vietnam,2,3,25,22,18,25,13,18,25,25,19,15,1,22,17,4,1,-,17,2,15,34,4,3,3,10,1,4,19,24,8,0,10,18,6,5,23,6,1,28,35
Women,2026,14,2026/6/8,B,Preliminary,"Candon City, Ilocos Sur",Philippines,Indonesia,Vietnam,2,3,25,22,18,25,13,18,25,25,19,15,2,17,15,2,0,-,15,6,15,36,2,2,3,7,0,2,21,23,7,0,15,22,4,5,24,3,0,34,37
Women,2026,14,2026/6/8,B,Preliminary,"Candon City, Ilocos Sur",Philippines,Indonesia,Vietnam,2,3,25,22,18,25,13,18,25,25,19,15,3,15,13,2,0,-,13,4,18,35,2,7,6,15,0,0,18,18,6,1,17,24,6,4,23,6,0,32,38
Women,2026,14,2026/6/8,B,Preliminary,"Candon City, Ilocos Sur",Philippines,Indonesia,Vietnam,2,3,25,22,18,25,13,18,25,25,19,15,4,14,13,1,0,-,13,3,23,39,1,7,5,13,0,3,22,25,6,0,8,14,12,1,27,5,0,34,39
Women,2026,14,2026/6/8,B,Preliminary,"Candon City, Ilocos Sur",Philippines,Indonesia,Vietnam,2,3,25,22,18,25,13,18,25,25,19,15,5,10,9,0,1,-,9,5,16,30,0,1,2,3,1,1,11,13,4,0,9,13,6,3,22,4,0,25,29
Women,2026,15,2026/6/8,A,Preliminary,"Candon City, Ilocos Sur",Philippines,Chinese Taipei,Australia,3,1,25,17,25,25,-,20,25,22,19,-,ALL,75,63,4,8,-,63,34,84,181,4,12,15,31,8,9,74,91,23,3,57,83,45,11,128,32,1,143,176
Women,2026,15,2026/6/8,A,Preliminary,"Candon City, Ilocos Sur",Philippines,Chinese Taipei,Australia,3,1,25,17,25,25,-,20,25,22,19,-,1,20,18,0,2,-,18,5,12,35,0,4,4,8,2,3,20,25,7,1,11,19,7,3,24,8,0,26,34
Women,2026,15,2026/6/8,A,Preliminary,"Candon City, Ilocos Sur",Philippines,Chinese Taipei,Australia,3,1,25,17,25,25,-,20,25,22,19,-,2,13,10,0,3,-,10,14,21,45,0,2,0,2,3,1,13,17,4,1,18,23,8,3,26,6,1,36,43
Women,2026,15,2026/6/8,A,Preliminary,"Candon City, Ilocos Sur",Philippines,Chinese Taipei,Australia,3,1,25,17,25,25,-,20,25,22,19,-,3,22,17,3,2,-,17,8,20,45,3,2,1,6,2,3,20,25,5,1,16,22,11,2,32,8,0,37,45
Women,2026,15,2026/6/8,A,Preliminary,"Candon City, Ilocos Sur",Philippines,Chinese Taipei,Australia,3,1,25,17,25,25,-,20,25,22,19,-,4,20,18,1,1,-,18,7,31,56,1,4,10,15,1,2,21,24,7,0,12,19,19,3,46,10,0,44,54
Women,2026,15,2026/6/8,A,Preliminary,"Candon City, Ilocos Sur",Philippines,Australia,Chinese Taipei,1,3,20,25,22,19,-,25,17,25,25,-,ALL,54,39,12,3,-,39,14,71,124,12,27,32,71,3,4,80,87,21,8,53,82,20,15,111,21,1,112,134
Women,2026,15,2026/6/8,A,Preliminary,"Candon City, Ilocos Sur",Philippines,Australia,Chinese Taipei,1,3,20,25,22,19,-,25,17,25,25,-,1,14,11,2,1,-,11,4,12,27,2,6,6,14,1,1,18,20,3,2,17,22,1,5,21,4,0,26,30
Women,2026,15,2026/6/8,A,Preliminary,"Candon City, Ilocos Sur",Philippines,Australia,Chinese Taipei,1,3,20,25,22,19,-,25,17,25,25,-,2,13,8,4,1,-,8,0,12,20,4,5,7,16,1,2,22,25,2,3,11,16,5,3,26,6,1,18,25
Women,2026,15,2026/6/8,A,Preliminary,"Candon City, Ilocos Sur",Philippines,Australia,Chinese Taipei,1,3,20,25,22,19,-,25,17,25,25,-,3,15,10,4,1,-,10,6,15,31,4,8,8,20,1,0,21,22,8,2,12,22,4,1,22,7,0,25,32
Women,2026,15,2026/6/8,A,Preliminary,"Candon City, Ilocos Sur",Philippines,Australia,Chinese Taipei,1,3,20,25,22,19,-,25,17,25,25,-,4,12,10,2,0,-,10,4,32,46,2,8,11,21,0,1,19,20,8,1,13,22,10,6,42,4,0,43,47
Women,2026,16,2026/6/9,B,Preliminary,"Candon City, Ilocos Sur",Philippines,Lebanon,Iran,0,3,9,8,15,-,-,25,25,25,-,-,ALL,16,9,5,2,-,9,14,56,79,5,9,7,21,2,9,23,34,12,9,44,65,5,15,57,8,2,65,75
Women,2026,16,2026/6/9,B,Preliminary,"Candon City, Ilocos Sur",Philippines,Lebanon,Iran,0,3,9,8,15,-,-,25,25,25,-,-,1,3,2,1,0,-,2,4,23,29,1,4,2,7,0,1,9,10,4,3,15,22,2,5,20,1,0,25,26
Women,2026,16,2026/6/9,B,Preliminary,"Candon City, Ilocos Sur",Philippines,Lebanon,Iran,0,3,9,8,15,-,-,25,25,25,-,-,2,4,1,3,0,-,1,3,18,22,3,2,2,7,0,3,5,8,6,5,11,22,1,5,17,3,2,20,25
Women,2026,16,2026/6/9,B,Preliminary,"Candon City, Ilocos Sur",Philippines,Lebanon,Iran,0,3,9,8,15,-,-,25,25,25,-,-,3,9,6,1,2,-,6,7,15,28,1,3,3,7,2,5,9,16,2,1,18,21,2,5,20,4,0,20,24
Women,2026,16,2026/6/9,B,Preliminary,"Candon City, Ilocos Sur",Philippines,Iran,Lebanon,3,0,25,25,25,-,-,9,8,15,-,-,ALL,50,37,4,9,-,37,13,30,80,4,3,13,20,9,8,56,73,12,2,11,25,25,4,72,19,0,61,80
Women,2026,16,2026/6/9,B,Preliminary,"Candon City, Ilocos Sur",Philippines,Iran,Lebanon,3,0,25,25,25,-,-,9,8,15,-,-,1,18,13,2,3,-,13,5,13,31,2,0,6,8,3,2,19,24,5,0,4,9,8,1,25,7,0,23,30
Women,2026,16,2026/6/9,B,Preliminary,"Candon City, Ilocos Sur",Philippines,Iran,Lebanon,3,0,25,25,25,-,-,9,8,15,-,-,2,18,12,1,5,-,12,4,9,25,1,1,4,6,5,3,17,25,3,0,2,5,12,0,20,8,0,16,24
Women,2026,16,2026/6/9,B,Preliminary,"Candon City, Ilocos Sur",Philippines,Iran,Lebanon,3,0,25,25,25,-,-,9,8,15,-,-,3,14,12,1,1,-,12,4,8,24,1,2,3,6,1,3,20,24,4,2,5,11,5,3,27,4,0,22,26
Women,2026,17,2026/6/9,A,Preliminary,"Candon City, Ilocos Sur",Philippines,Uzbekistan,Chinese Taipei,0,3,17,13,19,-,-,25,25,25,-,-,ALL,31,21,6,4,-,21,13,51,85,6,13,16,35,4,5,42,51,23,5,42,70,29,16,59,5,1,84,90
Women,2026,17,2026/6/9,A,Preliminary,"Candon City, Ilocos Sur",Philippines,Uzbekistan,Chinese Taipei,0,3,17,13,19,-,-,25,25,25,-,-,1,11,8,2,1,-,8,6,16,30,2,4,6,12,1,3,14,18,10,2,10,22,11,3,20,1,1,30,32
Women,2026,17,2026/6/9,A,Preliminary,"Candon City, Ilocos Sur",Philippines,Uzbekistan,Chinese Taipei,0,3,17,13,19,-,-,25,25,25,-,-,2,8,4,2,2,-,4,5,16,25,2,4,6,12,2,0,11,13,8,2,14,24,7,7,19,2,0,24,26
Women,2026,17,2026/6/9,A,Preliminary,"Candon City, Ilocos Sur",Philippines,Uzbekistan,Chinese Taipei,0,3,17,13,19,-,-,25,25,25,-,-,3,12,9,2,1,-,9,2,19,30,2,5,4,11,1,2,17,20,5,1,18,24,11,6,20,2,0,30,32
Women,2026,17,2026/6/9,A,Preliminary,"Candon City, Ilocos Sur",Philippines,Chinese Taipei,Uzbekistan,3,0,25,25,25,-,-,17,13,19,-,-,ALL,61,50,6,5,-,50,17,32,99,6,12,16,34,5,3,65,73,21,4,21,46,55,10,72,19,0,79,98
Women,2026,17,2026/6/9,A,Preliminary,"Candon City, Ilocos Sur",Philippines,Chinese Taipei,Uzbekistan,3,0,25,25,25,-,-,17,13,19,-,-,1,18,13,3,2,-,13,6,13,32,3,2,4,9,2,2,20,24,9,1,5,15,20,5,28,5,0,28,33
Women,2026,17,2026/6/9,A,Preliminary,"Candon City, Ilocos Sur",Philippines,Chinese Taipei,Uzbekistan,3,0,25,25,25,-,-,17,13,19,-,-,2,22,18,2,2,-,18,3,9,30,2,3,6,11,2,1,22,25,6,2,5,13,18,3,23,6,0,24,30
Women,2026,17,2026/6/9,A,Preliminary,"Candon City, Ilocos Sur",Philippines,Chinese Taipei,Uzbekistan,3,0,25,25,25,-,-,17,13,19,-,-,3,21,19,1,1,-,19,8,10,37,1,7,6,14,1,0,23,24,6,1,11,18,17,2,21,8,0,27,35
Women,2026,18,2026/6/9,A,Preliminary,"Candon City, Ilocos Sur",Philippines,Philippines,Korea,0,3,16,18,22,-,-,25,25,25,-,-,ALL,45,36,4,5,-,36,12,53,101,4,16,18,38,5,6,46,57,21,7,38,66,47,13,74,15,3,88,106
Women,2026,18,2026/6/9,A,Preliminary,"Candon City, Ilocos Sur",Philippines,Philippines,Korea,0,3,16,18,22,-,-,25,25,25,-,-,1,12,12,0,0,-,12,3,12,27,0,6,5,11,0,1,15,16,9,2,13,24,7,6,19,8,1,20,29
Women,2026,18,2026/6/9,A,Preliminary,"Candon City, Ilocos Sur",Philippines,Philippines,Korea,0,3,16,18,22,-,-,25,25,25,-,-,2,14,10,2,2,-,10,4,22,36,2,4,6,12,2,3,14,19,4,3,14,21,18,3,26,2,0,35,37
Women,2026,18,2026/6/9,A,Preliminary,"Candon City, Ilocos Sur",Philippines,Philippines,Korea,0,3,16,18,22,-,-,25,25,25,-,-,3,19,14,2,3,-,14,5,19,38,2,6,7,15,3,2,17,22,8,2,11,21,22,4,29,5,2,33,40
Women,2026,18,2026/6/9,A,Preliminary,"Candon City, Ilocos Sur",Philippines,Korea,Philippines,3,0,25,25,25,-,-,16,18,22,-,-,ALL,60,46,7,7,-,46,8,46,100,7,11,19,37,7,7,60,74,17,5,29,51,51,7,70,21,0,80,101
Women,2026,18,2026/6/9,A,Preliminary,"Candon City, Ilocos Sur",Philippines,Korea,Philippines,3,0,25,25,25,-,-,16,18,22,-,-,1,20,17,1,2,-,17,3,10,30,1,4,4,9,2,1,22,25,7,0,8,15,14,1,20,8,0,23,31
Women,2026,18,2026/6/9,A,Preliminary,"Candon City, Ilocos Sur",Philippines,Korea,Philippines,3,0,25,25,25,-,-,16,18,22,-,-,2,20,15,2,3,-,15,3,18,36,2,2,10,14,3,3,18,24,2,2,12,16,22,5,30,6,0,29,35
Women,2026,18,2026/6/9,A,Preliminary,"Candon City, Ilocos Sur",Philippines,Korea,Philippines,3,0,25,25,25,-,-,16,18,22,-,-,3,20,14,4,2,-,14,2,18,34,4,5,5,14,2,3,20,25,8,3,9,20,15,1,20,7,0,28,35
Women,2026,19,2026/6/9,B,Preliminary,"Candon City, Ilocos Sur",Philippines,Indonesia,"Hong Kong, China",3,0,25,27,25,-,-,20,25,14,-,-,ALL,54,41,10,3,-,41,16,52,109,10,10,13,33,3,5,67,75,26,4,24,54,22,6,81,32,3,80,115
Women,2026,19,2026/6/9,B,Preliminary,"Candon City, Ilocos Sur",Philippines,Indonesia,"Hong Kong, China",3,0,25,27,25,-,-,20,25,14,-,-,1,19,17,2,0,-,17,4,14,35,2,3,5,10,0,3,21,24,8,2,7,17,5,2,23,13,1,21,35
Women,2026,19,2026/6/9,B,Preliminary,"Candon City, Ilocos Sur",Philippines,Indonesia,"Hong Kong, China",3,0,25,27,25,-,-,20,25,14,-,-,2,18,10,7,1,-,10,9,27,46,7,6,5,18,1,2,24,27,9,1,14,24,8,1,35,10,2,38,50
Women,2026,19,2026/6/9,B,Preliminary,"Candon City, Ilocos Sur",Philippines,Indonesia,"Hong Kong, China",3,0,25,27,25,-,-,20,25,14,-,-,3,17,14,1,2,-,14,3,11,28,1,1,3,5,2,0,22,24,9,1,3,13,9,3,23,9,0,21,30
Women,2026,19,2026/6/9,B,Preliminary,"Candon City, Ilocos Sur",Philippines,"Hong Kong, China",Indonesia,0,3,20,25,14,-,-,25,27,25,-,-,ALL,37,27,6,4,-,27,22,64,113,6,13,17,36,4,7,50,61,25,3,42,70,19,10,73,18,4,95,117
Women,2026,19,2026/6/9,B,Preliminary,"Candon City, Ilocos Sur",Philippines,"Hong Kong, China",Indonesia,0,3,20,25,14,-,-,25,27,25,-,-,1,13,9,2,2,-,9,3,23,35,2,5,3,10,2,4,15,21,12,0,9,21,3,4,24,7,1,30,38
Women,2026,19,2026/6/9,B,Preliminary,"Candon City, Ilocos Sur",Philippines,"Hong Kong, China",Indonesia,0,3,20,25,14,-,-,25,27,25,-,-,2,11,8,2,1,-,8,13,27,48,2,4,7,13,1,1,23,25,7,1,17,25,12,3,35,7,2,40,49
Women,2026,19,2026/6/9,B,Preliminary,"Candon City, Ilocos Sur",Philippines,"Hong Kong, China",Indonesia,0,3,20,25,14,-,-,25,27,25,-,-,3,13,10,2,1,-,10,6,14,30,2,4,7,13,1,2,12,15,6,2,16,24,4,3,14,4,1,25,30
Women,2026,20,2026/6/9,A,Preliminary,"Candon City, Ilocos Sur",Philippines,Kyrgyzstan,Australia,1,3,15,27,16,23,-,25,25,25,25,-,ALL,47,36,4,7,-,36,24,75,135,4,9,20,33,7,9,66,82,9,10,68,87,66,23,119,3,1,143,147
Women,2026,20,2026/6/9,A,Preliminary,"Candon City, Ilocos Sur",Philippines,Kyrgyzstan,Australia,1,3,15,27,16,23,-,25,25,25,25,-,1,8,7,0,1,-,7,6,8,21,0,3,3,6,1,5,10,16,2,3,13,18,10,4,23,3,1,23,27
Women,2026,20,2026/6/9,A,Preliminary,"Candon City, Ilocos Sur",Philippines,Kyrgyzstan,Australia,1,3,15,27,16,23,-,25,25,25,25,-,2,16,11,2,3,-,11,5,23,39,2,1,4,7,3,3,20,26,1,2,21,24,19,8,37,0,0,45,45
Women,2026,20,2026/6/9,A,Preliminary,"Candon City, Ilocos Sur",Philippines,Kyrgyzstan,Australia,1,3,15,27,16,23,-,25,25,25,25,-,3,9,6,2,1,-,6,7,12,25,2,0,9,11,1,0,16,17,2,3,17,22,10,7,21,0,0,28,28
Women,2026,20,2026/6/9,A,Preliminary,"Candon City, Ilocos Sur",Philippines,Kyrgyzstan,Australia,1,3,15,27,16,23,-,25,25,25,25,-,4,14,12,0,2,-,12,6,32,50,0,5,4,9,2,1,20,23,4,2,17,23,27,4,38,0,0,47,47
Women,2026,20,2026/6/9,A,Preliminary,"Candon City, Ilocos Sur",Philippines,Australia,Kyrgyzstan,3,1,25,25,25,25,-,15,27,16,23,-,ALL,75,53,12,10,-,53,22,65,140,12,17,26,55,10,12,77,99,20,7,46,73,70,16,116,17,2,121,140
Women,2026,20,2026/6/9,A,Preliminary,"Candon City, Ilocos Sur",Philippines,Australia,Kyrgyzstan,3,1,25,25,25,25,-,15,27,16,23,-,1,15,9,3,3,-,9,1,11,21,3,2,2,7,3,6,15,24,3,1,7,11,6,3,17,4,0,17,21
Women,2026,20,2026/6/9,A,Preliminary,"Candon City, Ilocos Sur",Philippines,Australia,Kyrgyzstan,3,1,25,25,25,25,-,15,27,16,23,-,2,19,15,2,2,-,15,10,19,44,2,6,5,13,2,2,22,26,6,3,14,23,24,4,35,6,1,35,42
Women,2026,20,2026/6/9,A,Preliminary,"Candon City, Ilocos Sur",Philippines,Australia,Kyrgyzstan,3,1,25,25,25,25,-,15,27,16,23,-,3,22,14,5,3,-,14,7,14,35,5,2,4,11,3,2,19,24,7,1,9,17,15,3,24,4,0,29,33
Women,2026,20,2026/6/9,A,Preliminary,"Candon City, Ilocos Sur",Philippines,Australia,Kyrgyzstan,3,1,25,25,25,25,-,15,27,16,23,-,4,19,15,2,2,-,15,4,21,40,2,7,15,24,2,2,21,25,4,2,16,22,25,6,40,3,1,40,44
Women,2026,21,2026/6/11,B,Preliminary,"Candon City, Ilocos Sur",Philippines,Vietnam,Iran,3,0,25,25,27,-,-,19,20,25,-,-,ALL,55,43,12,0,-,43,9,40,92,12,12,17,41,0,3,73,76,13,7,37,57,47,12,67,16,1,74,91
Women,2026,21,2026/6/11,B,Preliminary,"Candon City, Ilocos Sur",Philippines,Vietnam,Iran,3,0,25,25,27,-,-,19,20,25,-,-,1,18,16,2,0,-,16,2,12,30,2,3,2,7,0,1,24,25,2,2,12,16,14,3,21,7,0,19,26
Women,2026,21,2026/6/11,B,Preliminary,"Candon City, Ilocos Sur",Philippines,Vietnam,Iran,3,0,25,25,27,-,-,19,20,25,-,-,2,17,10,7,0,-,10,3,15,28,7,2,6,15,0,2,22,24,3,1,13,17,17,4,24,4,1,28,33
Women,2026,21,2026/6/11,B,Preliminary,"Candon City, Ilocos Sur",Philippines,Vietnam,Iran,3,0,25,25,27,-,-,19,20,25,-,-,3,20,17,3,0,-,17,4,13,34,3,7,9,19,0,0,27,27,8,4,12,24,16,5,22,5,0,27,32
Women,2026,21,2026/6/11,B,Preliminary,"Candon City, Ilocos Sur",Philippines,Iran,Vietnam,0,3,19,20,25,-,-,25,25,27,-,-,ALL,53,44,2,7,-,44,23,49,116,2,12,13,27,7,8,50,65,24,0,49,73,42,17,68,16,0,99,115
Women,2026,21,2026/6/11,B,Preliminary,"Candon City, Ilocos Sur",Philippines,Iran,Vietnam,0,3,19,20,25,-,-,25,25,27,-,-,1,16,14,0,2,-,14,6,15,35,0,3,2,5,2,3,14,19,8,0,16,24,9,7,21,3,0,30,33
Women,2026,21,2026/6/11,B,Preliminary,"Candon City, Ilocos Sur",Philippines,Iran,Vietnam,0,3,19,20,25,-,-,25,25,27,-,-,2,15,13,1,1,-,13,10,15,38,1,1,8,10,1,4,16,21,7,0,15,22,18,5,25,5,0,35,40
Women,2026,21,2026/6/11,B,Preliminary,"Candon City, Ilocos Sur",Philippines,Iran,Vietnam,0,3,19,20,25,-,-,25,25,27,-,-,3,22,17,1,4,-,17,7,19,43,1,8,3,12,4,1,20,25,9,0,18,27,15,5,22,8,0,34,42
Women,2026,22,2026/6/11,B,Preliminary,"Candon City, Ilocos Sur",Philippines,Lebanon,Kazakhstan,0,3,11,19,14,-,-,25,25,25,-,-,ALL,29,27,1,1,-,27,18,41,86,1,13,5,19,1,10,34,45,11,8,47,66,32,16,64,5,2,81,88
Women,2026,22,2026/6/11,B,Preliminary,"Candon City, Ilocos Sur",Philippines,Lebanon,Kazakhstan,0,3,11,19,14,-,-,25,25,25,-,-,1,6,6,0,0,-,6,9,17,32,0,6,3,9,0,0,11,11,4,1,15,20,15,4,21,1,1,29,31
Women,2026,22,2026/6/11,B,Preliminary,"Candon City, Ilocos Sur",Philippines,Lebanon,Kazakhstan,0,3,11,19,14,-,-,25,25,25,-,-,2,13,11,1,1,-,11,6,12,29,1,4,0,5,1,4,15,20,4,2,17,23,7,6,22,2,0,26,28
Women,2026,22,2026/6/11,B,Preliminary,"Candon City, Ilocos Sur",Philippines,Lebanon,Kazakhstan,0,3,11,19,14,-,-,25,25,25,-,-,3,10,10,0,0,-,10,3,12,25,0,3,2,5,0,6,8,14,3,5,15,23,10,6,21,2,1,26,29
Women,2026,22,2026/6/11,B,Preliminary,"Candon City, Ilocos Sur",Philippines,Kazakhstan,Lebanon,3,0,25,25,25,-,-,11,19,14,-,-,ALL,49,34,7,8,-,34,5,29,68,7,8,9,24,8,8,58,74,9,1,25,35,44,11,71,11,3,63,77
Women,2026,22,2026/6/11,B,Preliminary,"Candon City, Ilocos Sur",Philippines,Kazakhstan,Lebanon,3,0,25,25,25,-,-,11,19,14,-,-,1,16,13,2,1,-,13,0,11,24,2,2,5,9,1,5,19,25,4,0,7,11,14,1,19,5,0,20,25
Women,2026,22,2026/6/11,B,Preliminary,"Candon City, Ilocos Sur",Philippines,Kazakhstan,Lebanon,3,0,25,25,25,-,-,11,19,14,-,-,2,18,13,3,2,-,13,5,10,28,3,3,3,9,2,1,21,24,4,1,11,16,15,5,27,4,1,25,30
Women,2026,22,2026/6/11,B,Preliminary,"Candon City, Ilocos Sur",Philippines,Kazakhstan,Lebanon,3,0,25,25,25,-,-,11,19,14,-,-,3,15,8,2,5,-,8,0,8,16,2,3,1,6,5,2,18,25,1,0,7,8,15,5,25,2,2,18,22
Women,2026,23,2026/6/11,A,Preliminary,"Candon City, Ilocos Sur",Philippines,Philippines,Chinese Taipei,0,3,16,14,10,-,-,25,25,25,-,-,ALL,21,18,3,0,-,18,26,55,99,3,13,21,37,0,2,40,42,18,5,40,63,52,15,94,8,0,105,113
Women,2026,23,2026/6/11,A,Preliminary,"Candon City, Ilocos Sur",Philippines,Philippines,Chinese Taipei,0,3,16,14,10,-,-,25,25,25,-,-,1,9,8,1,0,-,8,9,20,37,1,2,10,13,0,1,16,17,6,0,16,22,22,7,40,3,0,42,45
Women,2026,23,2026/6/11,A,Preliminary,"Candon City, Ilocos Sur",Philippines,Philippines,Chinese Taipei,0,3,16,14,10,-,-,25,25,25,-,-,2,8,6,2,0,-,6,8,18,32,2,5,7,14,0,0,14,14,6,2,14,22,13,4,26,3,0,33,36
Women,2026,23,2026/6/11,A,Preliminary,"Candon City, Ilocos Sur",Philippines,Philippines,Chinese Taipei,0,3,16,14,10,-,-,25,25,25,-,-,3,4,4,0,0,-,4,9,17,30,0,6,4,10,0,1,10,11,6,3,10,19,17,4,28,2,0,30,32
Women,2026,23,2026/6/11,A,Preliminary,"Candon City, Ilocos Sur",Philippines,Chinese Taipei,Philippines,3,0,25,25,25,-,-,16,14,10,-,-,ALL,55,40,10,5,-,40,9,56,105,10,8,21,39,5,10,58,73,12,0,28,40,61,6,80,29,0,72,101
Women,2026,23,2026/6/11,A,Preliminary,"Candon City, Ilocos Sur",Philippines,Chinese Taipei,Philippines,3,0,25,25,25,-,-,16,14,10,-,-,1,18,15,3,0,-,15,5,23,43,3,3,8,14,0,2,22,24,5,0,11,16,24,4,32,13,0,26,39
Women,2026,23,2026/6/11,A,Preliminary,"Candon City, Ilocos Sur",Philippines,Chinese Taipei,Philippines,3,0,25,25,25,-,-,16,14,10,-,-,2,18,13,3,2,-,13,4,18,35,3,2,5,10,2,3,20,25,3,0,11,14,20,2,27,11,0,25,36
Women,2026,23,2026/6/11,A,Preliminary,"Candon City, Ilocos Sur",Philippines,Chinese Taipei,Philippines,3,0,25,25,25,-,-,16,14,10,-,-,3,19,12,4,3,-,12,0,15,27,4,3,8,15,3,5,16,24,4,0,6,10,17,0,21,5,0,21,26
Women,2026,24,2026/6/11,A,Preliminary,"Candon City, Ilocos Sur",Philippines,Korea,Australia,3,0,25,25,25,-,-,18,15,19,-,-,ALL,52,35,8,9,-,35,13,37,85,8,4,8,20,9,6,59,74,16,6,26,48,19,11,69,19,0,70,89
Women,2026,24,2026/6/11,A,Preliminary,"Candon City, Ilocos Sur",Philippines,Korea,Australia,3,0,25,25,25,-,-,18,15,19,-,-,1,18,10,3,5,-,10,6,10,26,3,0,4,7,5,3,17,25,3,3,12,18,7,4,21,6,0,22,28
Women,2026,24,2026/6/11,A,Preliminary,"Candon City, Ilocos Sur",Philippines,Korea,Australia,3,0,25,25,25,-,-,18,15,19,-,-,2,16,12,3,1,-,12,0,13,25,3,2,1,6,1,0,23,24,5,2,6,13,4,3,19,7,0,18,25
Women,2026,24,2026/6/11,A,Preliminary,"Candon City, Ilocos Sur",Philippines,Korea,Australia,3,0,25,25,25,-,-,18,15,19,-,-,3,18,13,2,3,-,13,7,14,34,2,2,3,7,3,3,19,25,8,1,8,17,8,4,29,6,0,30,36
Women,2026,24,2026/6/11,A,Preliminary,"Candon City, Ilocos Sur",Philippines,Australia,Korea,0,3,18,15,19,-,-,25,25,25,-,-,ALL,42,27,9,6,-,27,21,38,86,9,12,13,34,6,5,42,53,16,9,43,68,19,13,54,18,2,66,86
Women,2026,24,2026/6/11,A,Preliminary,"Candon City, Ilocos Sur",Philippines,Australia,Korea,0,3,18,15,19,-,-,25,25,25,-,-,1,14,6,5,3,-,6,8,12,26,5,4,3,12,3,0,15,18,4,5,13,22,7,5,17,4,0,21,25
Women,2026,24,2026/6/11,A,Preliminary,"Candon City, Ilocos Sur",Philippines,Australia,Korea,0,3,18,15,19,-,-,25,25,25,-,-,2,15,13,0,2,-,13,8,9,30,0,3,6,9,2,3,11,16,8,1,15,24,6,5,16,9,0,19,28
Women,2026,24,2026/6/11,A,Preliminary,"Candon City, Ilocos Sur",Philippines,Australia,Korea,0,3,18,15,19,-,-,25,25,25,-,-,3,13,8,4,1,-,8,5,17,30,4,5,4,13,1,2,16,19,4,3,15,22,6,3,21,5,2,26,33
Women,2026,25,2026/6/11,A,Preliminary,"Candon City, Ilocos Sur",Philippines,Kyrgyzstan,Uzbekistan,0,3,20,13,19,-,-,25,25,25,-,-,ALL,35,27,7,1,-,27,13,55,95,7,17,15,39,1,9,44,54,10,12,44,66,34,10,82,9,3,94,106
Women,2026,25,2026/6/11,A,Preliminary,"Candon City, Ilocos Sur",Philippines,Kyrgyzstan,Uzbekistan,0,3,20,13,19,-,-,25,25,25,-,-,1,14,12,1,1,-,12,3,16,31,1,9,7,17,1,2,18,21,2,4,15,21,11,3,25,5,0,28,33
Women,2026,25,2026/6/11,A,Preliminary,"Candon City, Ilocos Sur",Philippines,Kyrgyzstan,Uzbekistan,0,3,20,13,19,-,-,25,25,25,-,-,2,6,4,2,0,-,4,6,20,30,2,3,4,9,0,4,9,13,4,5,14,23,9,2,30,2,2,32,36
Women,2026,25,2026/6/11,A,Preliminary,"Candon City, Ilocos Sur",Philippines,Kyrgyzstan,Uzbekistan,0,3,20,13,19,-,-,25,25,25,-,-,3,15,11,4,0,-,11,4,19,34,4,5,4,13,0,3,17,20,4,3,15,22,14,5,27,2,1,34,37
Women,2026,25,2026/6/11,A,Preliminary,"Candon City, Ilocos Sur",Philippines,Uzbekistan,Kyrgyzstan,3,0,25,25,25,-,-,20,13,19,-,-,ALL,53,35,6,12,-,35,14,53,102,6,10,14,30,12,7,54,73,20,1,24,45,33,5,73,19,3,76,98
Women,2026,25,2026/6/11,A,Preliminary,"Candon City, Ilocos Sur",Philippines,Uzbekistan,Kyrgyzstan,3,0,25,25,25,-,-,20,13,19,-,-,1,21,15,2,4,-,15,3,18,36,2,1,3,6,4,3,17,24,6,1,12,19,9,4,24,5,1,28,34
Women,2026,25,2026/6/11,A,Preliminary,"Candon City, Ilocos Sur",Philippines,Uzbekistan,Kyrgyzstan,3,0,25,25,25,-,-,20,13,19,-,-,2,16,8,3,5,-,8,5,18,31,3,1,6,10,5,2,18,25,4,0,5,9,13,0,27,6,2,22,30
Women,2026,25,2026/6/11,A,Preliminary,"Candon City, Ilocos Sur",Philippines,Uzbekistan,Kyrgyzstan,3,0,25,25,25,-,-,20,13,19,-,-,3,16,12,1,3,-,12,6,17,35,1,8,5,14,3,2,19,24,10,0,7,17,11,1,22,8,0,26,34
Women,2026,26,2026/6/12,B,Preliminary,"Candon City, Ilocos Sur",Philippines,Vietnam,Kazakhstan,2,3,25,19,25,22,13,18,25,23,25,15,ALL,77,60,13,4,-,60,20,58,138,13,21,23,57,4,6,94,104,31,9,54,94,25,30,112,51,0,93,144
Women,2026,26,2026/6/12,B,Preliminary,"Candon City, Ilocos Sur",Philippines,Vietnam,Kazakhstan,2,3,25,19,25,22,13,18,25,23,25,15,1,19,14,3,2,-,14,4,7,25,3,3,3,9,2,2,20,24,5,3,9,17,5,3,15,9,0,17,26
Women,2026,26,2026/6/12,B,Preliminary,"Candon City, Ilocos Sur",Philippines,Vietnam,Kazakhstan,2,3,25,19,25,22,13,18,25,23,25,15,2,13,10,3,0,-,10,4,8,22,3,7,5,15,0,1,19,20,5,2,11,18,5,7,23,10,0,15,25
Women,2026,26,2026/6/12,B,Preliminary,"Candon City, Ilocos Sur",Philippines,Vietnam,Kazakhstan,2,3,25,19,25,22,13,18,25,23,25,15,3,18,15,2,1,-,15,4,17,36,2,5,3,10,1,2,21,24,12,2,8,22,7,7,26,16,0,19,35
Women,2026,26,2026/6/12,B,Preliminary,"Candon City, Ilocos Sur",Philippines,Vietnam,Kazakhstan,2,3,25,19,25,22,13,18,25,23,25,15,4,15,11,4,0,-,11,5,17,33,4,3,9,16,0,1,22,23,5,2,15,22,4,9,32,10,0,24,34
Women,2026,26,2026/6/12,B,Preliminary,"Candon City, Ilocos Sur",Philippines,Vietnam,Kazakhstan,2,3,25,19,25,22,13,18,25,23,25,15,5,12,10,1,1,-,10,3,9,22,1,3,3,7,1,0,12,13,4,0,11,15,4,4,16,6,0,18,24
Women,2026,26,2026/6/12,B,Preliminary,"Candon City, Ilocos Sur",Philippines,Kazakhstan,Vietnam,3,2,18,25,23,25,15,25,19,25,22,13,ALL,85,68,8,9,-,68,25,60,153,8,12,17,37,9,12,85,106,54,4,40,98,34,24,109,28,3,123,154
Women,2026,26,2026/6/12,B,Preliminary,"Candon City, Ilocos Sur",Philippines,Kazakhstan,Vietnam,3,2,18,25,23,25,15,25,19,25,22,13,1,15,9,3,3,-,9,6,10,25,3,2,3,8,3,2,14,19,8,2,12,22,5,6,17,7,1,20,28
Women,2026,26,2026/6/12,B,Preliminary,"Candon City, Ilocos Sur",Philippines,Kazakhstan,Vietnam,3,2,18,25,23,25,15,25,19,25,22,13,2,21,18,1,2,-,18,3,12,33,1,3,1,5,2,6,16,24,9,0,10,19,8,5,21,6,0,26,32
Women,2026,26,2026/6/12,B,Preliminary,"Candon City, Ilocos Sur",Philippines,Kazakhstan,Vietnam,3,2,18,25,23,25,15,25,19,25,22,13,3,17,14,1,2,-,14,6,12,32,1,3,3,7,2,2,20,24,11,1,10,22,6,4,29,4,1,30,35
Women,2026,26,2026/6/12,B,Preliminary,"Candon City, Ilocos Sur",Philippines,Kazakhstan,Vietnam,3,2,18,25,23,25,15,25,19,25,22,13,4,20,16,2,2,-,16,8,20,44,2,2,6,10,2,2,20,24,17,0,5,22,11,6,30,6,1,34,41
Women,2026,26,2026/6/12,B,Preliminary,"Candon City, Ilocos Sur",Philippines,Kazakhstan,Vietnam,3,2,18,25,23,25,15,25,19,25,22,13,5,12,11,1,0,-,11,2,6,19,1,2,4,7,0,0,15,15,9,1,3,13,4,3,12,5,0,13,18
Women,2026,27,2026/6/12,B,Preliminary,"Candon City, Ilocos Sur",Philippines,Iran,"Hong Kong, China",3,0,25,25,25,-,-,14,13,18,-,-,ALL,55,47,5,3,-,47,14,34,95,5,9,16,30,3,7,64,74,21,4,16,41,41,5,74,28,0,68,96
Women,2026,27,2026/6/12,B,Preliminary,"Candon City, Ilocos Sur",Philippines,Iran,"Hong Kong, China",3,0,25,25,25,-,-,14,13,18,-,-,1,21,19,2,0,-,19,4,17,40,2,2,6,10,0,3,22,25,7,1,6,14,19,1,33,11,0,30,41
Women,2026,27,2026/6/12,B,Preliminary,"Candon City, Ilocos Sur",Philippines,Iran,"Hong Kong, China",3,0,25,25,25,-,-,14,13,18,-,-,2,20,17,1,2,-,17,4,5,26,1,3,4,8,2,2,20,24,5,1,5,11,9,2,17,7,0,16,23
Women,2026,27,2026/6/12,B,Preliminary,"Candon City, Ilocos Sur",Philippines,Iran,"Hong Kong, China",3,0,25,25,25,-,-,14,13,18,-,-,3,14,11,2,1,-,11,6,12,29,2,4,6,12,1,2,22,25,9,2,5,16,13,2,24,10,0,22,32
Women,2026,27,2026/6/12,B,Preliminary,"Candon City, Ilocos Sur",Philippines,"Hong Kong, China",Iran,0,3,14,13,18,-,-,25,25,25,-,-,ALL,25,18,3,4,-,18,19,57,94,3,19,13,35,4,5,37,46,23,2,41,66,18,12,56,10,0,86,96
Women,2026,27,2026/6/12,B,Preliminary,"Candon City, Ilocos Sur",Philippines,"Hong Kong, China",Iran,0,3,14,13,18,-,-,25,25,25,-,-,1,8,6,1,1,-,6,6,25,37,1,7,6,14,1,0,13,14,8,0,14,22,7,6,23,4,0,31,35
Women,2026,27,2026/6/12,B,Preliminary,"Candon City, Ilocos Sur",Philippines,"Hong Kong, China",Iran,0,3,14,13,18,-,-,25,25,25,-,-,2,7,6,0,1,-,6,3,14,23,0,6,2,8,1,3,10,14,9,1,11,21,4,5,13,3,0,20,23
Women,2026,27,2026/6/12,B,Preliminary,"Candon City, Ilocos Sur",Philippines,"Hong Kong, China",Iran,0,3,14,13,18,-,-,25,25,25,-,-,3,10,6,2,2,-,6,10,18,34,2,6,5,13,2,2,14,18,6,1,16,23,7,1,20,3,0,35,38
Women,2026,28,2026/6/12,A,Preliminary,"Candon City, Ilocos Sur",Philippines,Uzbekistan,Australia,1,3,20,30,16,8,-,25,28,25,25,-,ALL,55,43,7,5,-,43,25,83,151,7,15,8,30,5,4,66,75,18,7,69,94,62,20,103,7,1,142,150
Women,2026,28,2026/6/12,A,Preliminary,"Candon City, Ilocos Sur",Philippines,Uzbekistan,Australia,1,3,20,30,16,8,-,25,28,25,25,-,1,13,11,0,2,-,11,7,20,38,0,8,1,9,2,0,19,21,5,1,15,21,14,3,22,1,1,32,34
Women,2026,28,2026/6/12,A,Preliminary,"Candon City, Ilocos Sur",Philippines,Uzbekistan,Australia,1,3,20,30,16,8,-,25,28,25,25,-,2,22,13,6,3,-,13,4,27,44,6,3,1,10,3,2,24,29,5,2,18,25,24,6,37,2,0,45,47
Women,2026,28,2026/6/12,A,Preliminary,"Candon City, Ilocos Sur",Philippines,Uzbekistan,Australia,1,3,20,30,16,8,-,25,28,25,25,-,3,13,12,1,0,-,12,6,20,38,1,2,2,5,0,1,16,17,5,2,16,23,15,5,25,3,0,33,36
Women,2026,28,2026/6/12,A,Preliminary,"Candon City, Ilocos Sur",Philippines,Uzbekistan,Australia,1,3,20,30,16,8,-,25,28,25,25,-,4,7,7,0,0,-,7,8,16,31,0,2,4,6,0,1,7,8,3,2,20,25,9,6,19,1,0,32,33
Women,2026,28,2026/6/12,A,Preliminary,"Candon City, Ilocos Sur",Philippines,Australia,Uzbekistan,3,1,25,28,25,25,-,20,30,16,8,-,ALL,83,62,14,7,-,62,15,49,126,14,18,31,63,7,8,87,102,15,5,51,71,63,15,103,18,0,111,129
Women,2026,28,2026/6/12,A,Preliminary,"Candon City, Ilocos Sur",Philippines,Australia,Uzbekistan,3,1,25,28,25,25,-,20,30,16,8,-,1,20,15,4,1,-,15,4,11,30,4,3,4,11,1,3,20,24,3,2,16,21,14,6,30,6,0,27,33
Women,2026,28,2026/6/12,A,Preliminary,"Candon City, Ilocos Sur",Philippines,Australia,Uzbekistan,3,1,25,28,25,25,-,20,30,16,8,-,2,25,20,3,2,-,20,8,17,45,3,7,12,22,2,4,23,29,8,3,16,27,23,4,33,6,0,40,46
Women,2026,28,2026/6/12,A,Preliminary,"Candon City, Ilocos Sur",Philippines,Australia,Uzbekistan,3,1,25,28,25,25,-,20,30,16,8,-,3,20,14,4,2,-,14,2,15,31,4,5,8,17,2,1,21,24,2,0,14,16,14,3,21,2,0,27,29
Women,2026,28,2026/6/12,A,Preliminary,"Candon City, Ilocos Sur",Philippines,Australia,Uzbekistan,3,1,25,28,25,25,-,20,30,16,8,-,4,18,13,3,2,-,13,1,6,20,3,3,7,13,2,0,23,25,2,0,5,7,12,2,19,4,0,17,21
Women,2026,29,2026/6/12,B,Preliminary,"Candon City, Ilocos Sur",Philippines,Lebanon,Indonesia,0,3,20,13,9,-,-,25,25,25,-,-,ALL,25,17,6,2,-,17,15,43,75,6,11,13,30,2,8,33,43,14,11,39,64,24,13,49,9,2,60,71
Women,2026,29,2026/6/12,B,Preliminary,"Candon City, Ilocos Sur",Philippines,Lebanon,Indonesia,0,3,20,13,9,-,-,25,25,25,-,-,1,14,10,3,1,-,10,3,19,32,3,6,5,14,1,4,15,20,9,1,12,22,13,6,28,5,1,24,30
Women,2026,29,2026/6/12,B,Preliminary,"Candon City, Ilocos Sur",Philippines,Lebanon,Indonesia,0,3,20,13,9,-,-,25,25,25,-,-,2,6,4,1,1,-,4,6,10,20,1,3,5,9,1,1,12,14,1,6,13,20,5,5,12,1,0,16,17
Women,2026,29,2026/6/12,B,Preliminary,"Candon City, Ilocos Sur",Philippines,Lebanon,Indonesia,0,3,20,13,9,-,-,25,25,25,-,-,3,5,3,2,0,-,3,6,14,23,2,2,3,7,0,3,6,9,4,4,14,22,6,2,9,3,1,20,24
Women,2026,29,2026/6/12,B,Preliminary,"Candon City, Ilocos Sur",Philippines,Indonesia,Lebanon,3,0,25,25,25,-,-,20,13,9,-,-,ALL,52,38,3,11,-,38,12,27,77,3,6,7,16,11,10,53,74,12,2,21,35,42,3,57,18,0,60,78
Women,2026,29,2026/6/12,B,Preliminary,"Candon City, Ilocos Sur",Philippines,Indonesia,Lebanon,3,0,25,25,25,-,-,20,13,9,-,-,1,18,16,1,1,-,16,5,12,33,1,4,5,10,1,3,21,25,6,1,9,16,15,2,25,4,0,29,33
Women,2026,29,2026/6/12,B,Preliminary,"Candon City, Ilocos Sur",Philippines,Indonesia,Lebanon,3,0,25,25,25,-,-,20,13,9,-,-,2,18,11,1,6,-,11,4,8,23,1,1,0,2,6,4,14,24,5,1,7,13,11,1,14,6,0,17,23
Women,2026,29,2026/6/12,B,Preliminary,"Candon City, Ilocos Sur",Philippines,Indonesia,Lebanon,3,0,25,25,25,-,-,20,13,9,-,-,3,16,11,1,4,-,11,3,7,21,1,1,2,4,4,3,18,25,1,0,5,6,16,0,18,8,0,14,22
Women,2026,30,2026/6/12,A,Preliminary,"Candon City, Ilocos Sur",Philippines,Chinese Taipei,Korea,2,3,19,25,27,21,12,25,19,25,25,15,ALL,90,74,10,6,-,74,36,86,196,10,18,41,69,6,14,84,104,49,3,53,105,86,15,129,34,1,159,194
Women,2026,30,2026/6/12,A,Preliminary,"Candon City, Ilocos Sur",Philippines,Chinese Taipei,Korea,2,3,19,25,27,21,12,25,19,25,25,15,1,16,12,2,2,-,12,4,19,35,2,5,8,15,2,3,14,19,7,1,16,24,12,5,20,7,0,27,34
Women,2026,30,2026/6/12,A,Preliminary,"Candon City, Ilocos Sur",Philippines,Chinese Taipei,Korea,2,3,19,25,27,21,12,25,19,25,25,15,2,23,20,1,2,-,20,6,19,45,1,5,9,15,2,4,19,25,11,0,6,17,15,1,25,8,0,30,38
Women,2026,30,2026/6/12,A,Preliminary,"Candon City, Ilocos Sur",Philippines,Chinese Taipei,Korea,2,3,19,25,27,21,12,25,19,25,25,15,3,23,20,2,1,-,20,9,18,47,2,1,11,14,1,5,20,26,13,0,12,25,24,5,32,10,1,37,48
Women,2026,30,2026/6/12,A,Preliminary,"Candon City, Ilocos Sur",Philippines,Chinese Taipei,Korea,2,3,19,25,27,21,12,25,19,25,25,15,4,17,13,3,1,-,13,11,12,36,3,5,4,12,1,2,19,22,10,1,13,24,16,2,28,5,0,35,40
Women,2026,30,2026/6/12,A,Preliminary,"Candon City, Ilocos Sur",Philippines,Chinese Taipei,Korea,2,3,19,25,27,21,12,25,19,25,25,15,5,11,9,2,0,-,9,6,18,33,2,2,9,13,0,0,12,12,8,1,6,15,19,2,24,4,0,30,34
Women,2026,30,2026/6/12,A,Preliminary,"Candon City, Ilocos Sur",Philippines,Korea,Chinese Taipei,3,2,25,19,25,25,15,19,25,27,21,12,ALL,71,53,15,3,-,53,19,93,165,15,24,37,76,3,4,102,109,26,6,58,90,88,17,131,21,0,152,173
Women,2026,30,2026/6/12,A,Preliminary,"Candon City, Ilocos Sur",Philippines,Korea,Chinese Taipei,3,2,25,19,25,25,15,19,25,27,21,12,1,18,16,1,1,-,16,4,14,34,1,4,7,12,1,1,23,25,5,2,9,16,21,4,28,6,0,29,35
Women,2026,30,2026/6/12,A,Preliminary,"Candon City, Ilocos Sur",Philippines,Korea,Chinese Taipei,3,2,25,19,25,25,15,19,25,27,21,12,2,9,8,1,0,-,8,1,19,28,1,8,5,14,0,2,17,19,5,2,14,21,19,2,30,2,0,34,36
Women,2026,30,2026/6/12,A,Preliminary,"Candon City, Ilocos Sur",Philippines,Korea,Chinese Taipei,3,2,25,19,25,25,15,19,25,27,21,12,3,15,10,5,0,-,10,5,23,38,5,5,9,19,0,1,25,26,2,1,18,21,18,3,26,3,0,35,38
Women,2026,30,2026/6/12,A,Preliminary,"Candon City, Ilocos Sur",Philippines,Korea,Chinese Taipei,3,2,25,19,25,25,15,19,25,27,21,12,4,17,11,5,1,-,11,7,18,36,5,6,5,16,1,0,23,24,9,1,10,20,13,4,25,7,0,28,35
Women,2026,30,2026/6/12,A,Preliminary,"Candon City, Ilocos Sur",Philippines,Korea,Chinese Taipei,3,2,25,19,25,25,15,19,25,27,21,12,5,12,8,3,1,-,8,2,19,29,3,1,11,15,1,0,14,15,5,0,7,12,17,4,22,3,0,26,29
Women,2026,31,2026/6/13,Final_11-12,Final_Round,"Candon City, Ilocos Sur",Philippines,Kyrgyzstan,Lebanon,3,0,25,25,25,-,-,18,23,18,-,-,ALL,50,34,9,7,-,34,17,54,105,9,9,20,38,7,6,60,73,12,7,39,58,51,12,92,11,0,97,108
Women,2026,31,2026/6/13,Final_11-12,Final_Round,"Candon City, Ilocos Sur",Philippines,Kyrgyzstan,Lebanon,3,0,25,25,25,-,-,18,23,18,-,-,1,16,9,4,3,-,9,4,20,33,4,2,8,14,3,2,19,24,4,1,13,18,10,4,19,3,0,28,31
Women,2026,31,2026/6/13,Final_11-12,Final_Round,"Candon City, Ilocos Sur",Philippines,Kyrgyzstan,Lebanon,3,0,25,25,25,-,-,18,23,18,-,-,2,17,14,1,2,-,14,7,20,41,1,4,8,13,2,2,21,25,3,4,15,22,26,4,44,4,0,40,44
Women,2026,31,2026/6/13,Final_11-12,Final_Round,"Candon City, Ilocos Sur",Philippines,Kyrgyzstan,Lebanon,3,0,25,25,25,-,-,18,23,18,-,-,3,17,11,4,2,-,11,6,14,31,4,3,4,11,2,2,20,24,5,2,11,18,15,4,29,4,0,29,33
Women,2026,31,2026/6/13,Final_11-12,Final_Round,"Candon City, Ilocos Sur",Philippines,Lebanon,Kyrgyzstan,0,3,18,23,18,-,-,25,25,25,-,-,ALL,40,27,6,7,-,27,23,60,110,6,11,12,29,7,3,51,61,11,7,49,67,51,16,90,3,3,106,112
Women,2026,31,2026/6/13,Final_11-12,Final_Round,"Candon City, Ilocos Sur",Philippines,Lebanon,Kyrgyzstan,0,3,18,23,18,-,-,25,25,25,-,-,1,13,11,1,1,-,11,8,15,34,1,4,2,7,1,1,17,19,5,3,14,22,21,3,31,1,2,34,37
Women,2026,31,2026/6/13,Final_11-12,Final_Round,"Candon City, Ilocos Sur",Philippines,Lebanon,Kyrgyzstan,0,3,18,23,18,-,-,25,25,25,-,-,2,16,8,4,4,-,8,7,27,42,4,3,6,13,4,1,18,23,5,2,16,23,18,7,37,2,0,42,44
Women,2026,31,2026/6/13,Final_11-12,Final_Round,"Candon City, Ilocos Sur",Philippines,Lebanon,Kyrgyzstan,0,3,18,23,18,-,-,25,25,25,-,-,3,11,8,1,2,-,8,8,18,34,1,4,4,9,2,1,16,19,1,2,19,22,12,6,22,0,1,30,31
Women,2026,32,2026/6/13,Final_9-10,Final_Round,"Candon City, Ilocos Sur",Philippines,Uzbekistan,"Hong Kong, China",2,3,25,16,25,26,9,23,25,21,25,15,ALL,74,53,14,7,-,53,20,114,187,14,31,36,81,7,8,87,102,18,9,77,104,104,26,163,16,3,176,195
Women,2026,32,2026/6/13,Final_9-10,Final_Round,"Candon City, Ilocos Sur",Philippines,Uzbekistan,"Hong Kong, China",2,3,25,16,25,26,9,23,25,21,25,15,1,18,13,3,2,-,13,3,30,46,3,9,9,21,2,2,20,24,5,1,16,22,30,6,47,8,1,40,49
Women,2026,32,2026/6/13,Final_9-10,Final_Round,"Candon City, Ilocos Sur",Philippines,Uzbekistan,"Hong Kong, China",2,3,25,16,25,26,9,23,25,21,25,15,2,11,8,2,1,-,8,4,19,31,2,5,4,11,1,2,14,17,4,3,16,23,12,7,29,1,2,32,35
Women,2026,32,2026/6/13,Final_9-10,Final_Round,"Candon City, Ilocos Sur",Philippines,Uzbekistan,"Hong Kong, China",2,3,25,16,25,26,9,23,25,21,25,15,3,17,13,3,1,-,13,5,18,36,3,4,8,15,1,1,22,24,3,3,13,19,21,1,25,4,0,31,35
Women,2026,32,2026/6/13,Final_9-10,Final_Round,"Candon City, Ilocos Sur",Philippines,Uzbekistan,"Hong Kong, China",2,3,25,16,25,26,9,23,25,21,25,15,4,21,14,4,3,-,14,5,39,58,4,9,12,25,3,1,23,27,5,1,21,27,33,8,48,3,0,54,57
Women,2026,32,2026/6/13,Final_9-10,Final_Round,"Candon City, Ilocos Sur",Philippines,Uzbekistan,"Hong Kong, China",2,3,25,16,25,26,9,23,25,21,25,15,5,7,5,2,0,-,5,3,8,16,2,4,3,9,0,2,8,10,1,1,11,13,8,4,14,0,0,19,19
Women,2026,32,2026/6/13,Final_9-10,Final_Round,"Candon City, Ilocos Sur",Philippines,"Hong Kong, China",Uzbekistan,3,2,23,25,21,28,15,25,16,25,26,9,ALL,86,69,8,9,-,69,30,113,212,8,21,34,63,9,7,95,111,26,7,61,94,125,22,187,13,1,208,222
Women,2026,32,2026/6/13,Final_9-10,Final_Round,"Candon City, Ilocos Sur",Philippines,"Hong Kong, China",Uzbekistan,3,2,23,25,21,28,15,25,16,25,26,9,1,18,15,2,1,-,15,7,32,54,2,2,8,12,1,2,21,24,10,2,10,22,34,8,54,5,0,53,58
Women,2026,32,2026/6/13,Final_9-10,Final_Round,"Candon City, Ilocos Sur",Philippines,"Hong Kong, China",Uzbekistan,3,2,23,25,21,28,15,25,16,25,26,9,2,17,14,0,3,-,14,6,16,36,0,3,5,8,3,1,20,24,3,1,11,15,23,5,36,4,0,36,40
Women,2026,32,2026/6/13,Final_9-10,Final_Round,"Candon City, Ilocos Sur",Philippines,"Hong Kong, China",Uzbekistan,3,2,23,25,21,28,15,25,16,25,26,9,3,17,12,2,3,-,12,8,18,38,2,5,10,17,3,3,16,22,4,1,18,23,17,3,29,2,0,39,41
Women,2026,32,2026/6/13,Final_9-10,Final_Round,"Candon City, Ilocos Sur",Philippines,"Hong Kong, China",Uzbekistan,3,2,23,25,21,28,15,25,16,25,26,9,4,24,20,3,1,-,20,7,39,66,3,8,10,21,1,0,26,27,7,3,16,26,44,4,56,2,1,62,65
Women,2026,32,2026/6/13,Final_9-10,Final_Round,"Candon City, Ilocos Sur",Philippines,"Hong Kong, China",Uzbekistan,3,2,23,25,21,28,15,25,16,25,26,9,5,10,8,1,1,-,8,2,8,18,1,3,1,5,1,1,12,14,2,0,6,8,7,2,12,0,0,18,18
Women,2026,33,2026/6/13,Semifinals,Final_Round,"Candon City, Ilocos Sur",Philippines,Kazakhstan,Chinese Taipei,0,3,23,16,14,-,-,25,25,25,-,-,ALL,41,32,8,1,-,32,18,59,109,8,18,28,54,1,8,46,55,20,5,45,70,50,14,87,21,1,88,110
Women,2026,33,2026/6/13,Semifinals,Final_Round,"Candon City, Ilocos Sur",Philippines,Kazakhstan,Chinese Taipei,0,3,23,16,14,-,-,25,25,25,-,-,1,19,16,2,1,-,16,5,19,40,2,7,11,20,1,4,19,24,8,2,14,24,22,5,36,10,0,31,41
Women,2026,33,2026/6/13,Semifinals,Final_Round,"Candon City, Ilocos Sur",Philippines,Kazakhstan,Chinese Taipei,0,3,23,16,14,-,-,25,25,25,-,-,2,11,10,1,0,-,10,4,16,30,1,8,9,18,0,3,13,16,6,2,15,23,11,2,18,7,0,26,33
Women,2026,33,2026/6/13,Semifinals,Final_Round,"Candon City, Ilocos Sur",Philippines,Kazakhstan,Chinese Taipei,0,3,23,16,14,-,-,25,25,25,-,-,3,11,6,5,0,-,6,9,24,39,5,3,8,16,0,1,14,15,6,1,16,23,17,7,33,4,1,31,36
Women,2026,33,2026/6/13,Semifinals,Final_Round,"Candon City, Ilocos Sur",Philippines,Chinese Taipei,Kazakhstan,3,0,25,25,25,-,-,23,16,14,-,-,ALL,50,42,3,5,-,42,17,59,118,3,13,23,39,5,3,65,73,16,1,30,47,71,11,103,21,0,98,119
Women,2026,33,2026/6/13,Semifinals,Final_Round,"Candon City, Ilocos Sur",Philippines,Chinese Taipei,Kazakhstan,3,0,25,25,25,-,-,23,16,14,-,-,1,18,14,2,2,-,14,6,27,47,2,5,7,14,2,0,22,24,6,1,13,20,25,6,38,13,0,34,47
Women,2026,33,2026/6/13,Semifinals,Final_Round,"Candon City, Ilocos Sur",Philippines,Chinese Taipei,Kazakhstan,3,0,25,25,25,-,-,23,16,14,-,-,2,19,16,1,2,-,16,4,13,33,1,7,7,15,2,2,21,25,6,0,7,13,21,1,25,4,0,29,33
Women,2026,33,2026/6/13,Semifinals,Final_Round,"Candon City, Ilocos Sur",Philippines,Chinese Taipei,Kazakhstan,3,0,25,25,25,-,-,23,16,14,-,-,3,13,12,0,1,-,12,7,19,38,0,1,9,10,1,1,22,24,4,0,10,14,25,4,40,4,0,35,39
Women,2026,34,2026/6/13,Semifinals,Final_Round,"Candon City, Ilocos Sur",Philippines,Korea,Vietnam,3,0,25,25,25,-,-,20,19,22,-,-,ALL,64,49,8,7,-,49,11,38,98,8,5,12,25,7,9,57,73,20,2,40,62,41,15,66,12,0,89,101
Women,2026,34,2026/6/13,Semifinals,Final_Round,"Candon City, Ilocos Sur",Philippines,Korea,Vietnam,3,0,25,25,25,-,-,20,19,22,-,-,1,20,14,3,3,-,14,4,18,36,3,1,3,7,3,1,20,24,5,0,15,20,17,5,26,5,0,32,37
Women,2026,34,2026/6/13,Semifinals,Final_Round,"Candon City, Ilocos Sur",Philippines,Korea,Vietnam,3,0,25,25,25,-,-,20,19,22,-,-,2,21,14,5,2,-,14,4,13,31,5,2,5,12,2,4,19,25,8,0,11,19,12,5,20,4,0,27,31
Women,2026,34,2026/6/13,Semifinals,Final_Round,"Candon City, Ilocos Sur",Philippines,Korea,Vietnam,3,0,25,25,25,-,-,20,19,22,-,-,3,23,21,0,2,-,21,3,7,31,0,2,4,6,2,4,18,24,7,2,14,23,12,5,20,3,0,30,33
Women,2026,34,2026/6/13,Semifinals,Final_Round,"Candon City, Ilocos Sur",Philippines,Vietnam,Korea,0,3,20,19,22,-,-,25,25,25,-,-,ALL,47,39,6,2,-,39,15,43,97,6,19,19,44,2,1,60,63,16,7,41,64,39,19,68,17,1,83,101
Women,2026,34,2026/6/13,Semifinals,Final_Round,"Candon City, Ilocos Sur",Philippines,Vietnam,Korea,0,3,20,19,22,-,-,25,25,25,-,-,1,17,15,2,0,-,15,4,16,35,2,5,9,16,0,1,20,21,6,3,14,23,18,8,31,8,1,32,41
Women,2026,34,2026/6/13,Semifinals,Final_Round,"Candon City, Ilocos Sur",Philippines,Vietnam,Korea,0,3,20,19,22,-,-,25,25,25,-,-,2,13,11,2,0,-,11,9,13,33,2,4,6,12,0,0,19,19,6,2,13,21,15,5,22,3,0,31,34
Women,2026,34,2026/6/13,Semifinals,Final_Round,"Candon City, Ilocos Sur",Philippines,Vietnam,Korea,0,3,20,19,22,-,-,25,25,25,-,-,3,17,13,2,2,-,13,2,14,29,2,10,4,16,2,0,21,23,4,2,14,20,6,6,15,6,0,20,26
Women,2026,35,2026/6/14,Final_7-8,Final_Round,"Candon City, Ilocos Sur",Philippines,Philippines,Iran,0,3,21,12,21,-,-,25,25,25,-,-,ALL,37,31,4,2,-,31,13,47,91,4,19,13,36,2,12,42,56,11,8,48,67,40,10,66,7,0,88,95
Women,2026,35,2026/6/14,Final_7-8,Final_Round,"Candon City, Ilocos Sur",Philippines,Philippines,Iran,0,3,21,12,21,-,-,25,25,25,-,-,1,18,15,2,1,-,15,3,11,29,2,5,2,9,1,4,17,22,4,2,18,24,8,4,17,2,0,28,30
Women,2026,35,2026/6/14,Final_7-8,Final_Round,"Candon City, Ilocos Sur",Philippines,Philippines,Iran,0,3,21,12,21,-,-,25,25,25,-,-,2,7,5,1,1,-,5,6,16,27,1,5,1,7,1,5,6,12,1,4,17,22,13,1,22,1,0,30,31
Women,2026,35,2026/6/14,Final_7-8,Final_Round,"Candon City, Ilocos Sur",Philippines,Philippines,Iran,0,3,21,12,21,-,-,25,25,25,-,-,3,12,11,1,0,-,11,4,20,35,1,9,10,20,0,3,19,22,6,2,13,21,19,5,27,4,0,30,34
Women,2026,35,2026/6/14,Final_7-8,Final_Round,"Candon City, Ilocos Sur",Philippines,Iran,Philippines,3,0,25,25,25,-,-,21,12,21,-,-,ALL,55,42,5,8,-,42,14,42,98,5,15,15,35,8,6,59,73,17,2,25,44,49,4,73,16,0,85,101
Women,2026,35,2026/6/14,Final_7-8,Final_Round,"Candon City, Ilocos Sur",Philippines,Iran,Philippines,3,0,25,25,25,-,-,21,12,21,-,-,1,19,16,1,2,-,16,5,12,33,1,9,5,15,2,0,22,24,5,1,12,18,15,1,18,6,0,26,32
Women,2026,35,2026/6/14,Final_7-8,Final_Round,"Candon City, Ilocos Sur",Philippines,Iran,Philippines,3,0,25,25,25,-,-,21,12,21,-,-,2,15,10,1,4,-,10,3,9,22,1,3,6,10,4,3,18,25,2,1,4,7,13,1,23,2,0,23,25
Women,2026,35,2026/6/14,Final_7-8,Final_Round,"Candon City, Ilocos Sur",Philippines,Iran,Philippines,3,0,25,25,25,-,-,21,12,21,-,-,3,21,16,3,2,-,16,6,21,43,3,3,4,10,2,3,19,24,10,0,9,19,21,2,32,8,0,36,44
Women,2026,36,2026/6/14,Final_5-6,Final_Round,"Candon City, Ilocos Sur",Philippines,Australia,Indonesia,0,3,13,19,24,-,-,25,25,26,-,-,ALL,40,26,12,2,-,26,16,47,89,12,21,14,47,2,8,47,57,20,4,44,68,32,12,53,9,0,81,90
Women,2026,36,2026/6/14,Final_5-6,Final_Round,"Candon City, Ilocos Sur",Philippines,Australia,Indonesia,0,3,13,19,24,-,-,25,25,26,-,-,1,10,6,4,0,-,6,6,18,30,4,7,1,12,0,2,11,13,5,0,18,23,8,4,14,3,0,26,29
Women,2026,36,2026/6/14,Final_5-6,Final_Round,"Candon City, Ilocos Sur",Philippines,Australia,Indonesia,0,3,13,19,24,-,-,25,25,26,-,-,2,14,10,3,1,-,10,6,13,29,3,7,4,14,1,4,15,20,6,1,15,22,12,4,19,0,0,31,31
Women,2026,36,2026/6/14,Final_5-6,Final_Round,"Candon City, Ilocos Sur",Philippines,Australia,Indonesia,0,3,13,19,24,-,-,25,25,26,-,-,3,16,10,5,1,-,10,4,16,30,5,7,9,21,1,2,21,24,9,3,11,23,12,4,20,6,0,24,30
Women,2026,36,2026/6/14,Final_5-6,Final_Round,"Candon City, Ilocos Sur",Philippines,Indonesia,Australia,3,0,25,25,26,-,-,13,19,24,-,-,ALL,54,44,6,4,-,44,19,36,99,6,9,14,29,4,7,64,75,23,2,24,49,53,9,74,21,2,80,103
Women,2026,36,2026/6/14,Final_5-6,Final_Round,"Candon City, Ilocos Sur",Philippines,Indonesia,Australia,3,0,25,25,26,-,-,13,19,24,-,-,1,19,16,3,0,-,16,5,7,28,3,1,5,9,0,2,23,25,4,0,7,11,17,4,26,7,0,22,29
Women,2026,36,2026/6/14,Final_5-6,Final_Round,"Candon City, Ilocos Sur",Philippines,Indonesia,Australia,3,0,25,25,26,-,-,13,19,24,-,-,2,14,11,2,1,-,11,5,14,30,2,3,2,7,1,2,21,24,9,1,6,16,15,3,20,5,1,24,30
Women,2026,36,2026/6/14,Final_5-6,Final_Round,"Candon City, Ilocos Sur",Philippines,Indonesia,Australia,3,0,25,25,26,-,-,13,19,24,-,-,3,21,17,1,3,-,17,9,15,41,1,5,7,13,3,3,20,26,10,1,11,22,21,2,28,9,1,34,44
Women,2026,37,2026/6/14,3rd_Place,Final_Round,"Candon City, Ilocos Sur",Philippines,Kazakhstan,Vietnam,0,3,17,12,19,-,-,25,25,25,-,-,ALL,40,33,5,2,-,33,14,40,87,5,19,18,42,2,6,42,50,31,2,35,68,26,17,64,10,0,82,92
Women,2026,37,2026/6/14,3rd_Place,Final_Round,"Candon City, Ilocos Sur",Philippines,Kazakhstan,Vietnam,0,3,17,12,19,-,-,25,25,25,-,-,1,16,13,3,0,-,13,3,16,32,3,8,9,20,0,2,16,18,10,0,13,23,13,4,27,7,0,28,35
Women,2026,37,2026/6/14,3rd_Place,Final_Round,"Candon City, Ilocos Sur",Philippines,Kazakhstan,Vietnam,0,3,17,12,19,-,-,25,25,25,-,-,2,9,7,0,2,-,7,8,17,32,0,4,6,10,2,2,8,12,10,0,14,24,9,8,25,3,0,30,33
Women,2026,37,2026/6/14,3rd_Place,Final_Round,"Candon City, Ilocos Sur",Philippines,Kazakhstan,Vietnam,0,3,17,12,19,-,-,25,25,25,-,-,3,15,13,2,0,-,13,3,7,23,2,7,3,12,0,2,18,20,11,2,8,21,4,5,12,0,0,24,24
Women,2026,37,2026/6/14,3rd_Place,Final_Round,"Candon City, Ilocos Sur",Philippines,Vietnam,Kazakhstan,3,0,25,25,25,-,-,17,12,19,-,-,ALL,57,49,6,2,-,49,6,40,95,6,14,12,32,2,5,66,73,16,2,26,44,43,9,69,12,0,81,93
Women,2026,37,2026/6/14,3rd_Place,Final_Round,"Candon City, Ilocos Sur",Philippines,Vietnam,Kazakhstan,3,0,25,25,25,-,-,17,12,19,-,-,1,18,18,0,0,-,18,3,21,42,0,3,7,10,0,1,23,24,5,0,11,16,22,5,35,6,0,36,42
Women,2026,37,2026/6/14,3rd_Place,Final_Round,"Candon City, Ilocos Sur",Philippines,Vietnam,Kazakhstan,3,0,25,25,25,-,-,17,12,19,-,-,2,18,14,4,0,-,14,0,13,27,4,4,2,10,0,1,24,25,4,2,4,10,16,3,25,4,0,23,27
Women,2026,37,2026/6/14,3rd_Place,Final_Round,"Candon City, Ilocos Sur",Philippines,Vietnam,Kazakhstan,3,0,25,25,25,-,-,17,12,19,-,-,3,21,17,2,2,-,17,3,6,26,2,7,3,12,2,3,19,24,7,0,11,18,5,1,9,2,0,22,24
Women,2026,38,2026/6/14,Final,Final_Round,"Candon City, Ilocos Sur",Philippines,Chinese Taipei,Korea,0,3,19,19,22,-,-,25,25,25,-,-,ALL,48,38,8,2,-,38,16,61,115,8,19,24,51,2,3,57,62,26,2,42,70,51,18,90,19,2,105,126
Women,2026,38,2026/6/14,Final,Final_Round,"Candon City, Ilocos Sur",Philippines,Chinese Taipei,Korea,0,3,19,19,22,-,-,25,25,25,-,-,1,16,11,5,0,-,11,4,22,37,5,9,6,20,0,0,20,20,8,1,15,24,13,8,29,9,0,31,40
Women,2026,38,2026/6/14,Final,Final_Round,"Candon City, Ilocos Sur",Philippines,Chinese Taipei,Korea,0,3,19,19,22,-,-,25,25,25,-,-,2,14,13,1,0,-,13,6,21,40,1,5,7,13,0,1,18,19,8,0,17,25,18,4,26,4,2,35,41
Women,2026,38,2026/6/14,Final,Final_Round,"Candon City, Ilocos Sur",Philippines,Chinese Taipei,Korea,0,3,19,19,22,-,-,25,25,25,-,-,3,18,14,2,2,-,14,6,18,38,2,5,11,18,2,2,19,23,10,1,10,21,20,6,35,6,0,39,45
Women,2026,38,2026/6/14,Final,Final_Round,"Candon City, Ilocos Sur",Philippines,Korea,Chinese Taipei,3,0,25,25,25,-,-,19,19,22,-,-,ALL,56,46,8,2,-,46,17,59,122,8,17,28,53,2,2,69,73,20,2,37,59,60,8,83,11,0,112,123
Women,2026,38,2026/6/14,Final,Final_Round,"Candon City, Ilocos Sur",Philippines,Korea,Chinese Taipei,3,0,25,25,25,-,-,19,19,22,-,-,1,20,18,1,1,-,18,8,17,43,1,4,11,16,1,0,23,24,8,0,12,20,21,1,30,6,0,38,44
Women,2026,38,2026/6/14,Final,Final_Round,"Candon City, Ilocos Sur",Philippines,Korea,Chinese Taipei,3,0,25,25,25,-,-,19,19,22,-,-,2,16,15,1,0,-,15,6,20,41,1,7,10,18,0,0,25,25,6,0,12,18,20,2,26,4,0,37,41
Women,2026,38,2026/6/14,Final,Final_Round,"Candon City, Ilocos Sur",Philippines,Korea,Chinese Taipei,3,0,25,25,25,-,-,19,19,22,-,-,3,20,13,6,1,-,13,3,22,38,6,6,7,19,1,2,21,24,6,2,13,21,19,5,27,1,0,37,38
